slug,title,authors,date
mith-hiring-audiovisual-data-curation-ga,MITH is Hiring an Audiovisual Data Curation Graduate Assistant!,Stephanie Sapienza,2/2/2021 17:08
things-look-different-around-here,Things look different around here,Trevor Muñoz,11/9/2020 16:09
introducing-jeffrey-moro-2020-winnemore-fellow,"Introducing Jeffrey Moro, 2020 Winnemore Fellow",MITH,5/27/2020 12:10
announcing-the-spring-2020-digital-dialogues-line-up,Announcing the Spring 2020 Digital Dialogues Line Up,Stephanie Sapienza,2/10/2020 10:29
nominations-open-spring-2020-digital-dialogues,"Nominations Open, Spring 2020 Digital Dialogues",Purdom Lindblad,10/14/2019 9:32
the-cleaners-movie-night-oct-30,The Cleaners: Movie Night (Oct 30),Ed Summers,10/7/2019 13:29
mark-your-calendars-fall-2019-digital-dialogues-line-up,Mark your calendars! Fall 2019 Digital Dialogues Line Up,Purdom Lindblad,9/18/2019 10:47
new-team-members-at-aadhum-and-mith,New Team Members at AADHum and MITH,Trevor Muñoz,9/5/2019 10:27
winnemore-fall-2020,Call for Proposals: Winnemore Fellowship - Updated Deadline,Purdom Lindblad,8/13/2019 10:00
my-time-as-a-mith-winnemore-dissertation-fellow,My Time as a MITH Winnemore Dissertation Fellow,Kyle Bickoff,6/18/2019 10:00
data-histories-and-natural-history-andrea-thomer,Data Histories and Natural History—Andrea Thomer,Ed Summers,4/23/2019 9:05
measuring-impact-of-digital-repositories-simon-tanner,Measuring Impact of Digital Repositories - Simon Tanner,Ed Summers,4/23/2019 9:03
old-futures-book-launch-alexis-lothian,Old Futures Book Launch—Alexis Lothian,Ed Summers,4/23/2019 8:56
launch-of-early-modern-songscapes-beta-site-encoding-and-publishing-strategies,Launch of Early Modern Songscapes Beta Site: Encoding and Publishing strategies,Raff Viglianti,2/13/2019 10:50
announcing-the-spring-2019-digital-dialogues,Announcing the Spring 2019 Digital Dialogues!,Purdom Lindblad,2/5/2019 12:40
mith-welcomes-tsey-haye-preaster,MITH welcomes T'Sey-Haye Preaster,Trevor Muñoz,12/13/2018 11:46
documenting-the-now-phase-2,Documenting the Now Phase 2,Ed Summers,10/16/2018 17:01
mith-appoints-affiliate-faculty,MITH Appoints Affiliate Faculty,Trevor Muñoz,10/11/2018 10:08
call-for-nominations-spring-2019-digital-dialogues,"Call for Nominations, Spring 2019 Digital Dialogues",Purdom Lindblad,10/10/2018 9:06
reactionary-twitter-politics-a-data-story,Reactionary Twitter Politics: A Data Story,Jeannette Schollaert,10/9/2018 15:42
help-shape-a-conversation-about-black-digital-collections-at-aadhum2018,Help Shape a Conversation About Black Digital Collections at #AADHum2018,Trevor Muñoz,10/8/2018 9:20
reckoning-with-digital-projects-mith-makes-a-roadmap,Reckoning with Digital Projects: MITH Makes a Roadmap,Stephanie Sapienza,10/4/2018 16:20
2019-winnemore,2019 Winnemore Dissertation Fellowship Call for Applications,Purdom Lindblad,10/1/2018 15:29
organizational-meeting-for-umd-dh-ds-student-group-september-18th,Organizational Meeting for UMD DH/DS Student Group—September 18th,MITH,9/13/2018 12:40
fall-2018-digital-dialogue-lineup,Announcing the Fall 2018 Digital Dialogue Lineup,Stephanie Sapienza,8/28/2018 11:38
assessing-interest-in-a-dh-ds-student-organization,Assessing Interest in a DH/DS Student Organization,MITH,8/28/2018 10:30
engineering-a-data-story,#Engineering: A Data Story,Misti Yang,8/27/2018 16:18
little-big-data,Little Big Data,Ed Summers,8/3/2018 8:45
summer-interns-contribute-research-to-the-lakeland-digital-archive,Summer Interns Contribute Research to the Lakeland Digital Archive,Trevor Muñoz,7/18/2018 9:04
report-music-encoding-conference-2018,Report: Music Encoding Conference 2018,Raff Viglianti,5/30/2018 15:42
mith-receives-neh-grant-for-unlocking-the-airwaves-revitalizing-an-early-public-and-educational-radio-collection,"MITH Receives NEH Grant for “Unlocking the Airwaves""",Stephanie Sapienza,5/10/2018 11:17
monitoring-climate-data-on-the-web,Monitoring Climate Data on the Web,Ed Summers,5/3/2018 13:59
archives-in-the-anthropocene,Archives in the Anthropocene,Purdom Lindblad,3/20/2018 15:19
roopika-risam,"Roopika Risam, Thursday March 8 at MITH: 'Visualizing Du Bois: The Politics of Literary Recovery'",MITH,3/5/2018 18:55
inviting-umd-participants-regional-dh-symposium-march-9-2018,"Inviting UMD Participants to a Regional DH Symposium, March 9, 2018",Purdom Lindblad,2/22/2018 10:27
ethics-and-archiving-the-web,Ethics and Archiving the Web,Ed Summers,2/19/2018 14:47
endangered-data-week-february-26-march-2-2018,"Endangered Data Week, February 26 - March 2, 2018",Purdom Lindblad,2/19/2018 12:18
advocacy-design-moving-theory-practice-part-3,Advocacy By Design: Moving Between Theory and Practice—Part 3,Purdom Lindblad,2/9/2018 8:00
advocacy-design-moving-theory-practice-part-2,Advocacy By Design: Moving Between Theory and Practice—Part 2,Purdom Lindblad,2/6/2018 8:00
announcing-spring-2018-digital-dialogues-lineup,Announcing the Spring 2018 Digital Dialogues Lineup!,Stephanie Sapienza,1/11/2018 10:25
mith-hiring-graduate-assistant-spring-2018,MITH is Hiring a Graduate Assistant for Spring 2018!,MITH,1/2/2018 14:40
mith-winter-term-course-anatomy-of-dh-research,MITH Winter Term Course: Anatomy of DH Research,MITH,11/14/2017 12:22
mith-coffee-hour-december-5-plus-spring-digital-dialogues-want-see,"MITH Coffee Hour December 5! Plus, Spring 2018 Digital Dialogues: Who Do You Want to See?",MITH,11/9/2017 13:44
books-files-new-project-help-scholars-assess-digital-components-todays-bookmaking,Books.Files: New project to help scholars assess digital components of today’s bookmaking,MITH,11/1/2017 16:55
panel-workshop-linked-data-crowdsourcing-radio,MITH Panel/Workshop Nov 2 on Linked Data & Crowdsourcing for Radio Collections!,Stephanie Sapienza,9/29/2017 11:44
announcing-music-encoding-conference-2018-call-proposals,Announcing the Music Encoding Conference 2018 Call for Proposals,Raff Viglianti,9/27/2017 15:30
documenting-the-now-receives-imls-forum-grant,DocNow and Rhizome receive IMLS National Forum grant!,MITH,9/19/2017 12:35
advocacy-design-moving-theory-practice-part-1,Advocacy By Design: Moving Between Theory and Practice—Part 1,Purdom Lindblad,9/18/2017 15:43
dramatic-reading-percy-shelleys-prometheus-unbound,Dramatic Reading of Percy Shelley's Prometheus Unbound,Raff Viglianti,9/6/2017 13:14
announcing-fall-2017-digital-dialogues-lineup,Announcing the Fall 2017 Digital Dialogues lineup!,Stephanie Sapienza,8/29/2017 13:36
fond-farewell-mith,My Fond Farewell to MITH,Neil Fraistat,6/15/2017 9:40
mith-now-accepting-digital-dialogues-speaker-nominations-fall-2017,MITH is now accepting Digital Dialogues speaker nominations for Fall 2017!,MITH,6/14/2017 14:15
learning-teaching-initiatives-mith,Learning and Teaching Initiatives at MITH,MITH,5/18/2017 16:20
register-one-free-workshops-hosted-mith-wednesday-may-31st,"Register for one or more FREE workshop(s), hosted by MITH on Wednesday, May 31st",MITH,5/17/2017 11:37
two-important-s-ga-announcements-scrope-davies-notebook-publication-plus-new-grant,"Two important S-GA announcements: Scrope Davies Notebook publication, plus a new grant!",MITH,4/18/2017 9:45
registration-now-open-textual-embodiments-2017-sts-annual-conference,"Registration is now open for ‘Textual Embodiments,’ the 2017 STS annual conference!",MITH,4/4/2017 16:22
return-digital-dialogues-podcast,Return of the Digital Dialogues Podcast,Ed Summers,4/3/2017 16:15
ryan-long-vambery-lecture-2017,"Ryan Long Vambery Lecture: 'Hannes Meyer in Europe and Mexico: Building, a Poetics of Displacement'",MITH,3/28/2017 9:30
announcing-transgender-usenet-archive,Announcing the Transgender Usenet Archive!,Avery Dame,3/13/2017 14:29
announcing-race-space-place-sequence-spring-2017-aadhum-events,"Announcing the 'Race, Space, and Place' sequence of Spring 2017 AADHum Events!",MITH,1/30/2017 16:29
announcing-society-textual-scholarships-2017-call-papers,Announcing the Society for Textual Scholarship's 2017 Call for Papers,MITH,1/25/2017 13:26
tracking-changes-diffengine,Tracking Changes With diffengine,Ed Summers,1/25/2017 12:00
announcing-spring-2017-digital-dialogues-lineup,Announcing the Spring 2017 Digital Dialogues Lineup!,Stephanie Sapienza,1/24/2017 9:30
archiving-usenet-adopting-ethics-care,Archiving Usenet: Adopting an Ethics of Care,Avery Dame,1/23/2017 10:53
listening-for-the-static,Listening for the Static,Avery Dame,12/9/2016 13:11
mith-now-accepting-digital-dialogues-speaker-nominations-spring-2017,MITH is now accepting Digital Dialogues speaker nominations for Spring 2017!,MITH,11/28/2016 12:19
visualizing-poster-activity-usenet,Visualizing Poster Activity on Usenet,Avery Dame,11/17/2016 15:38
mith-announces-first-courses-ever-spring-2017,MITH announces first courses ever for spring 2017!,MITH,11/4/2016 14:00
next-wednesday-112-dont-miss-matt-kirschenbaum-discuss-new-book-track-changes-literary-history-word-processing,"Next Wednesday 11/2, don't miss Matt Kirschenbaum discuss his new book 'Track Changes: A Literary History of Word Processing!'",MITH,10/27/2016 13:26
block-list-hate,A Block List Against Hate,Ed Summers,10/27/2016 7:10
gets-us-talking-cant-bad-building-transgender-usenet-archive,"“If it gets us talking, it can't be bad:” Building the Transgender Usenet Archive",Avery Dame,10/19/2016 14:01
come-join-mith-thursday-1013-night-hate,Come join MITH Thursday 10/13 for a Night Against Hate!,MITH,10/11/2016 10:56
mith-welcomes-avery-dame-2016-17-winnemore-fellow,MITH Welcomes Avery Dame as the 2016-17 Winnemore Fellow!,MITH,10/5/2016 10:13
join-us-mith-mixer-kick-off-fall-2016-season-digital-dialogues,Join us at MITH for a mixer to kick off the Fall 2016 season of Digital Dialogues!,Stephanie Sapienza,9/8/2016 14:22
announcing-fall-2016-digital-dialogues-lineup,Announcing the Fall 2016 Digital Dialogues lineup!,Stephanie Sapienza,9/1/2016 16:10
the-digital-dialogues-collection-chronicling,"The Digital Dialogues Collection, chronicling a slice of the digital humanities since 2005",David Durden,8/8/2016 9:30
decade-digital-dialogues-event-recordings-challenges-implementing-retroactive-digital-asset-management-plan,A Decade of Digital Dialogues Event Recordings and the Challenges of Implementing a Retroactive Digital Asset Management Plan,David Durden,7/14/2016 16:39
job-processing-archivist,Job: Processing Archivist (Term Contract),MITH,7/6/2016 12:55
aadhum-postdocs,Jobs: Postdoctoral Positions in Digital Humanities and African American History and Culture,MITH,6/30/2016 10:00
please-join-mith-welcoming-purdom-lindblad-team,Please join MITH in welcoming Purdom Lindblad to our team!,MITH,6/22/2016 16:16
please-welcome-mith-summer-intern-xiaoyu-tai,Please welcome MITH summer intern Xiaoyu Tai!,MITH,6/6/2016 18:14
webs-past-not-evenly-distributed,The Web's Past is Not Evenly Distributed,Ed Summers,5/27/2016 10:36
mith-summer-audiovisual-data-curation-intern,Call for Applications: MITH Summer Audiovisual Data Curation Intern,MITH,5/18/2016 9:30
recap-miths-april-events-humanities-computing-collaborations-andy-van-dam,Recap: MITH’s April events on Humanities and Computing Collaborations with Andy van Dam,MITH,5/12/2016 20:52
documenting-now-team-announced,Documenting the Now Team Announced,Ed Summers,4/11/2016 19:18
job-assistant-director-innovation-learning,Job: Assistant Director for Innovation and Learning,MITH,4/8/2016 12:30
call-applications-winnemore-digital-humanities-dissertation-fellows-program-2016-17,Call for Applications: Winnemore Digital Humanities Dissertation Fellows Program 2016-17,MITH,3/8/2016 20:37
stewarding-mith-history,Stewarding MITH's History: A New Window Into Our Past,Stephanie Sapienza,3/4/2016 9:30
april-events-van-dam,Announcing TWO events in April with Andy van Dam from Brown University!,MITH,3/2/2016 16:09
shelley-godwin-archive-releases-prometheus-unbound-fair-copy-notebooks,The Shelley-Godwin Archive Releases the <em>Prometheus Unbound</em> fair copy notebooks,Neil Fraistat,2/29/2016 15:05
introducing-documenting-the-now,Introducing Documenting the Now,Ed Summers,2/16/2016 22:13
announcing-the-spring-2016-digital-dialogues-lineup-plus-digital-dialogues-is-storified,"Announcing the Spring 2016 Digital Dialogues Lineup, plus Digital Dialogues is Storified!",Stephanie Sapienza,2/5/2016 10:00
job-open-rank-professor-and-project-director-for-the-synergies-project,Job: Open Rank Professor and Synergies Project Director,MITH,11/17/2015 13:38
neh-launches-contest-to-use-chronicling-america-database-for-new-web-based-creative-projects,NEH launches contest to use Chronicling America database for new web-based creative projects,MITH,11/16/2015 12:31
please-welcome-oliver-gaycken-as-miths-newest-vambery-fellow,Please welcome Oliver Gaycken as MITH’s newest Vambery Fellow!,MITH,11/3/2015 12:09
mith-arhu-and-synergies-mellon-project-featured-in-president-loh-video,"MITH, ARHU and Synergies Mellon project featured in President Loh video",MITH,10/28/2015 9:30
fall-2015-digital-dialogues-pre-season-mixer,Fall 2015 Digital Dialogues Pre-Season Mixer,Stephanie Sapienza,9/21/2015 11:00
rsvp-by-tuesday-september-17th-to-join-mith-for-a-digital-dialogues-mixer,RSVP by Tuesday September 17th to join MITH for a Digital Dialogues mixer!,Stephanie Sapienza,9/8/2015 9:17
mith-partners-in-1-25-million-mellon-grant,MITH partners in $1.25 Million Mellon Grant Awarded to UMD's Arts and Humanities College,MITH,7/16/2015 10:00
hacking-miths-legacy-servers,Hacking MITH's Legacy Web Servers: A Holistic Approach to Preservation on the Web,Porter Olsen,7/8/2015 11:33
stewarding-digital-humanities-work-on-the-web-at-mith,Stewarding Digital Humanities Work on the Web at MITH,Trevor Muñoz,6/15/2015 10:00
recap-part-ii-engaging-the-public-best-practices-for-crowdsourcing-across-the-disciplines-workshop-crowdcon,Recap Part II: Engaging the Public: Best Practices for Crowdsourcing across the Disciplines Workshop (CrowdCon),MITH,6/1/2015 15:49
recap-part-i-engaging-the-public-best-practices-for-crowdsourcing-across-the-disciplines-workshop-crowdcon,Recap Part I: Engaging the Public: Best Practices for Crowdsourcing across the Disciplines Workshop (CrowdCon),MITH,5/21/2015 16:02
chances-and-challenges-of-studying-social-media-data,Chances and Challenges of Studying Social Media Data,Ed Summers,4/23/2015 14:26
mith-is-now-accepting-digital-dialogues-speaker-nominations-for-fall-2015,MITH is now accepting Digital Dialogues speaker nominations for Fall 2015,MITH,4/16/2015 11:03
the-meyerhoff-center-for-jewish-studies-and-mith-present-digitizing-the-cairo-genizah-collections-on-april-29,"The Meyerhoff Center for Jewish Studies and MITH present: Digitizing the Cairo Genizah Collections, on April 29",MITH,4/15/2015 10:41
early-use-data-on-a-participatory-digital-edition,Early use data on a participatory digital edition,Amanda Visconti,4/7/2015 11:28
come-read-us-update-infinite-ulysses-participatory-digital-edition,Come read with us!: an update on the Infinite Ulysses participatory digital edition,Amanda Visconti,3/10/2015 17:30
mith-developer-ed-summers-named-recipient-2015-kilgour-award,MITH developer Ed Summers named recipient of the 2015 Kilgour Award,MITH,3/10/2015 16:04
open-call-applications-engaging-public-best-practices-crowdsourcing-across-disciplines,"Open Call for Applications: ""Engaging the Public: Best Practices for Crowdsourcing Across the Disciplines""",MITH,2/18/2015 10:04
sign-now-lunch-digital-dialogue-speakers,Sign up now to have lunch with our Digital Dialogue speakers!,Stephanie Sapienza,2/9/2015 16:12
mark-calendars-miths-spring-2015-digital-dialogue,Mark your calendars ... MITH's Spring 2015 Digital Dialogues are coming up!,Stephanie Sapienza,1/22/2015 14:03
a-look-at-fergusonsyllabus,A Look at #FergusonSyllabus,Ed Summers,1/19/2015 11:34
researching-ferguson-update-previewing-miths-teach-ins-blacklivesmatter-umd,Researching Ferguson Update: Previewing MITH’s Teach Ins for #BlackLivesMatter at UMD,MITH,1/15/2015 13:52
invitation-beta-test-infinite-ulysses-digital-edition,An Invitation to Beta-Test the Infinite Ulysses Digital Edition,Amanda Visconti,1/14/2015 11:22
ilya-kreymer-will-speak-mith-january-20th-web-archiving-tools,Ilya Kreymer will speak at MITH on January 20th on web archiving tools,MITH,1/13/2015 15:21
neh-sloan-award-funds-university-maryland-dartmouth-host-crowdsourcing-workshop-may-2015,NEH and Sloan award funds to University of Maryland and Dartmouth to host crowdsourcing workshop in May 2015,MITH,12/17/2014 9:40
infinite-ulysses-designing-public-humanities-conversation,Infinite Ulysses: Designing a Public Humanities Conversation,Amanda Visconti,12/1/2014 13:02
miths-ed-summers-discusses-ferguson-twitter-archive,MITH’s Ed Summers discusses his Ferguson Twitter archive,Ed Summers,11/26/2014 11:02
music-addressability-api,Music Addressability API,Raff Viglianti,11/24/2014 14:22
mith-now-accepting-spring-2015-digital-dialogues-speaker-nominations,MITH is Now Accepting Spring 2015 Digital Dialogues Speaker Nominations!,MITH,11/24/2014 12:35
digital-lecture-series-impact-feminist-activisms-21st-century-starts-today,Digital Lecture Series on the Impact of Feminist Activisms in the 21st Century Starts Today,MITH,11/3/2014 10:58
podcasts-mith-digital-dialogues-now-captions,Podcasts for MITH Digital Dialogues: Now with captions!,Stephanie Sapienza,10/21/2014 9:42
books-digital-humanities-available-umd-libraries,Books on the Digital Humanities available through UMD Libraries!,MITH,10/16/2014 10:49
mith-unc-sils-release-bitcurator-1-0-look-ahead-future,MITH and UNC SILS release BitCurator 1.0 and look ahead to the future,Porter Olsen,10/8/2014 10:28
department-art-history-archaeology-mith-awarded-planning-grant-samuel-h-kress-foundation,Department of Art History and Archaeology and MITH Awarded Planning Grant,MITH,9/29/2014 9:00
hester-baer-named-mith-fellow,Hester Baer named MITH Fellow,MITH,9/25/2014 11:59
limited-spaces-open-lunch-digital-dialogue-speakers,Limited Spaces Open for Lunch with Our Digital Dialogue Speakers!,Stephanie Sapienza,9/18/2014 9:00
rsvp-wednesday-september-17th-join-mith-digital-dialogues-mixer,"RSVP by this Wednesday, September 17th to join MITH for a Digital Dialogues mixer!",Stephanie Sapienza,9/16/2014 10:17
mith-welcomes-amanda-visconti-as-winnemore-fellow,MITH Welcomes Amanda Visconti as Winnemore Fellow!,MITH,8/26/2014 9:35
ed-summers-joins-mith-as-lead-developer,Ed Summers joins MITH as Lead Developer!,MITH,8/21/2014 15:59
mith-directors-kirschenbaum-and-munoz-featured-at-digital-preservation-2014,MITH Directors Kirschenbaum and Muñoz featured at Digital Preservation 2014,MITH,7/23/2014 10:07
save-the-dates-here-are-miths-fall-2014-digital-dialogues-speakers,Save the Dates!  Here are MITH's Fall 2014 Digital Dialogues speakers,Stephanie Sapienza,7/21/2014 11:02
mith-submits-digital-humanities-innovation-testimony-to-congress,MITH Submits Digital Humanities Innovation Testimony to Congress,MITH,4/29/2014 11:24
two-new-start-up-grants,Two New Start-Up Grants,MITH,4/27/2014 14:46
mith-is-now-accepting-fall-2014-digital-dialogues-speaker-nominations,MITH is Now Accepting Fall 2014 Digital Dialogues Speaker Nominations!,MITH,4/20/2014 11:00
mith-awarded-hathitrust-research-center-grant,MITH awarded HathiTrust Research Center grant,MITH,4/15/2014 10:43
miths-research-collections-featured-nprs-things-considered,MITH's Research & Collections featured on NPR's All Things Considered,MITH,4/9/2014 14:27
walt-whitman-archive,The Walt Whitman Archive,Raff Viglianti,3/20/2014 10:34
lead-developer-job,Join MITH! We're Hiring a Lead Developer,Trevor Muñoz,3/4/2014 12:30
shelley-godwin-archive-textual-digital-condition,The Shelley-Godwin Archive: From a Textual to a Digital Condition,Neil Fraistat,1/24/2014 9:30
announcing-spring-2014-mith-digital-dialogues-lineup,Announcing the Spring 2014 MITH Digital Dialogues Lineup!,Stephanie Sapienza,1/8/2014 9:30
o-say-can-see-legal-cultural-history-19th-century,O Say Can You See: A Legal and Cultural History of the 19th Century,Jennifer Guiliano,12/17/2013 2:30
future-accessibility-braillesc-org-braillerise,The Future of Accessibility with BrailleSC.org and BrailleRISE,Jennifer Guiliano,12/4/2013 9:30
displaying-music-notation-multiple-sources-mei-vexflow,Displaying Music Notation of Multiple Sources With MEI-to-VexFlow,Zoltan Komives,11/19/2013 9:55
wrapping-gsoc-work-mithgrid,Wrapping up GSoC Work on MITHgrid,Selvam Palanimalai,11/12/2013 13:36
nine-new-digital-dialogues-video-podcasts-posted,Ten New Digital Dialogues Video Podcasts Posted!,MITH,11/11/2013 12:00
alive-shelley-godwin-digital-archive,It's Alive! The Shelley-Godwin Archive Launches this Thursday!,MITH,10/29/2013 11:21
mith-now-accepting-digital-dialogues-speaker-nominations,MITH is now accepting Digital Dialogues speaker nominations!,MITH,10/25/2013 16:15
friday-october-4th-mith-hosts-special-unconference,"This Friday, October 4th: MITH Hosts a Special *Unconference*",MITH,10/3/2013 10:57
future-information-alliance-fia-robert-w-deutsch-foundation-2013-2014-seed-grant-competition,The Future of Information Alliance (FIA)  Robert W. Deutsch Foundation  2013-2014 Seed Grant Competition,MITH,9/11/2013 8:30
announcing-fall-2013-digital-dialogues,Announcing Fall 2013 Digital Dialogues!,Stephanie Sapienza,9/10/2013 11:00
visualizing-data-mithgrid,Visualizing Data with MITHgrid,Selvam Palanimalai,9/10/2013 10:27
mith-welcomes-stephanie-sapienza-project-manager,MITH Welcomes Stephanie Sapienza as Project Manager!,MITH,9/4/2013 15:30
graphic-design-assistant-job-opening,Graphic Design Assistant Job Opening,MITH,8/22/2013 14:25
improving-mei-to-vexflow,Improving MEI to VexFlow,Zoltan Komives,8/7/2013 13:36
accessiblefuture-and-o-say-can-you-see,"Announcing Accessible Future and ""O Say Can You See"": Early Washington, D.C. Law and Family Project",MITH,7/26/2013 10:00
taxonomizing-historical-menus-a-data-curation-project,Organizing historical menus: a data curation experiment,Lydia Zvyagintseva,6/21/2013 10:00
mith-is-delighted-to-welcome-heather-froehlich-july-2nd,"MITH is delighted to welcome Heather Froehlich, July 2nd",MITH,6/21/2013 9:47
mithgrid-demonstration-development,MITHgrid Demonstration Development,Selvam Palanimalai,6/21/2013 9:00
mith-and-the-university-of-maryland-libraries-welcome-margo-padilla-as-part-of-inaugural-class-of-national-digital-stewardship-residency,MITH and the University of Maryland Libraries Welcome Margo Padilla as part of inaugural class of National Digital Stewardship Residents,Trevor Muñoz,6/20/2013 10:39
mei-to-vexflow,MEI-to-VexFlow,Zoltan Komives,6/7/2013 13:13
bitcurator-phase-white-paper-now-available,New White Paper on Bringing Digital Forensics Practices to Collecting Institutions,MITH,4/27/2013 9:30
join-the-mith-team-as-a-project-manager,Join the MITH team as a Project Manager!,MITH,4/25/2013 10:46
announcing-hilt-humanities-intensive-learning-teaching,Announcing Hilt: Humanities Intensive Learning + Teaching,MITH,4/17/2013 13:32
mith-participating-in-google-summer-of-code-2013,MITH Participating in Google Summer of Code 2013,James Smith,4/9/2013 14:27
born-digital-working-group-configuring-fred,Born Digital Working Group: Configuring FRED,Rachel Donahue,4/8/2013 2:00
bitcurator-announced-a-position-opening-for-community-lead,BitCurator Announced a Position Opening for Community Lead,MITH,4/2/2013 10:00
developing-policies-for-a-digital-world,Developing Policies for a Digital World,Rachel Donahue,2/28/2013 10:16
new-version-of-digital-mishnah-demo,New Version of Digital Mishnah Demo,Hayim Lapin,2/25/2013 14:49
mith-to-host-u-s-east-coast-open-annotation-data-model-rollout,MITH to Host U.S. East Coast Open Annotation Data Model Rollout,James Smith,2/14/2013 14:05
mith-and-university-of-maryland-libraries-selected-as-a-host-institution-for-inaugural-national-digital-stewardship-residency-program,MITH and University of Maryland Libraries Collaboration Selected as a Host Institution for Inaugural National Digital Stewardship Residency Program,Trevor Muñoz,2/8/2013 11:40
the-born-digital-working-group-divides-and-conquers,The Born Digital Working Group Divides and Conquers,Rachel Donahue,1/29/2013 10:00
mith-welcomes-new-staff-member,MITH Welcomes New Staff Member,Neil Fraistat,1/16/2013 9:47
shelley-godwin-archive-seeking-applications-for-text-encoders,Shelley-Godwin Archive Seeking Applications for Text-Encoders,MITH,12/19/2012 15:13
digital-humanities-data-curation-institute-summer-2013-workshop-now-accepting-applications,Digital Humanities Data Curation Institute Summer 2013 Workshop Now Accepting Applications,Trevor Muñoz,12/19/2012 9:06
topic-modeling-round-up-and-some-new-software,Topic Modeling: New Software and a Wrap-up of our NEH-Sponsored Workshop,Travis Brown,12/18/2012 13:43
asking-questions-of-lots-of-text-with-weka,Asking Questions of Lots of Text with Weka,Peter Mallios,12/18/2012 8:30
shared-horizons-update,Shared Horizons Update,Neil Fraistat,11/29/2012 10:28
digital-curation-workstation,Digital Curation Workstation,Porter Olsen,11/26/2012 8:00
answering-the-mail-digital-mishnah-project-update,Answering the Mail: Digital Mishnah Project Update,Hayim Lapin,11/15/2012 8:30
an-early-look-at-the-bitcurator-environment,An Early Look at the BitCurator Environment,Porter Olsen,11/9/2012 8:30
webdeveloperstoolkitforannotation,A Web Developer's Toolkit for Annotation of Streaming Video,James Smith,11/8/2012 8:30
undergradweka,An Undergraduate View of Data Mining with WEKA,Peter Mallios,11/5/2012 8:30
announcing-the-shared-horizons-cfp,Announcing the Shared Horizons CFP,Jennifer Guiliano,11/2/2012 9:00
mith-closed-monday-october-29th,MITH Closed: Monday October 29th and Tuesday October 30th,Jennifer Guiliano,10/28/2012 16:59
tuesdays-digital-dialogue-canceled,Tuesday's Digital Dialogue Canceled,Stephanie Sapienza,10/27/2012 21:59
topic-modeling-for-humanities-research,Upcoming Topic Modeling for Humanities Research workshop,Travis Brown,10/26/2012 15:20
preserving-virtual-snes-games,Preserving Virtual SNES Games,Rachel Donahue,10/25/2012 9:00
drowning-in-texts,Drowning in Texts,Hayim Lapin,10/24/2012 9:00
we-descended-processing-the-bill-bly-collection-with-the-umd-born-digital-working-group,We Descended: Processing the Bill Bly Collection with the UMD Born-Digital Working Group,MITH,10/12/2012 13:07
neh-project-directors-meeting-lessons-for-first-time-pis,NEH Project Director's Meeting: Lessons for Promoting your Project,Jennifer Guiliano,9/20/2012 14:20
dan-cohen-and-more-speak-at-miths-reception,Dan Cohen and More Speak at MITH's Reception,MITH,9/7/2012 10:00
testudo-takes-over-the-mith-dedication-celebration,Testudo takes over the MITH Dedication Celebration,Rachel Donahue,9/6/2012 12:57
digital-mishnah-live-demo,Digital Mishnah: Live Demo,Hayim Lapin,9/4/2012 8:00
spaces-open-to-lunch-with-digital-dialogue-speakers,Spaces Open to Lunch with Our Digital Dialogue Speakers,MITH,8/30/2012 9:53
fraistat-adho-chair,MITH Director Neil Fraistat to Chair the Alliance of Digital Humanities Organizations,MITH,8/28/2012 9:00
please-join-us-the-dedication-of-the-new-mith-home,Please Join Us! The dedication of the new MITH home,Jennifer Guiliano,8/9/2012 10:30
announcing-the-personal-digital-archiving-2013-conference,Announcing the Personal Digital Archiving 2013 Conference,Trevor Muñoz,8/7/2012 10:00
mith-announces-an-neh-chairmans-cooperative-agreement-for-shared-horizons,MITH Announces an NEH Chairman's Cooperative Agreement for Shared Horizons,Jennifer Guiliano,8/6/2012 10:00
mith-demonstrates-video-annotation-at-oac-meeting,MITH Demonstrates Video Annotation at OAC Meeting,James Smith,8/1/2012 13:56
mith-awarded-institutes-for-advanced-topics-in-the-digital-humanities-neh-grant-to-lead-digital-humanities-data-curation-institutes,MITH awarded Institutes for Advanced Topics in the Digital Humanities NEH grant to lead Digital Humanities Data Curation institutes,Trevor Muñoz,7/26/2012 17:06
dh-internationally-dispatches-from-hamburg,DH Internationally: Dispatches from Hamburg,Jennifer Guiliano,7/24/2012 9:45
digital-mishnah-summer-update,Digital Mishnah: Summer Update,Hayim Lapin,7/24/2012 7:55
we-are-moving-to-our-new-campus-home,We are moving to our new campus home,Jennifer Guiliano,7/20/2012 3:06
come-work-mith-as-a-research-programmer,Come work @MITH as a research programmer,Jennifer Guiliano,7/16/2012 22:44
city-university-of-new-york-cuny-graduate-center-digital-initiatives-program-joins-dhwi,City University of New York (CUNY) Graduate Center Digital Initiatives Program Joins DHWI!,Jennifer Guiliano,7/12/2012 1:00
call-for-participation-neh-funded-topic-modeling-for-humanities-research-workshop,Call for Participation: NEH-funded Topic Modeling for Humanities Research Workshop,Jennifer Guiliano,7/10/2012 10:44
editing-modernism-in-canada-joins-dhwi,Editing Modernism in Canada joins DHWI!,Jennifer Guiliano,6/20/2012 11:00
whats-up-with-digital-editing-tools-summer-conference-edition,What’s Up with Digital Editing Tools? (Summer Conference Edition),Amanda Visconti,6/14/2012 8:00
digital-humanities-training-and-community,Digital Humanities Training,Jennifer Guiliano,6/13/2012 8:30
trends-at-the-digital-humanities-summer-institute,Trends at the Digital Humanities Summer Institute,Jennifer Guiliano,6/12/2012 8:30
almost-ready-for-prime-time,Almost Ready for Prime Time,Hayim Lapin,5/25/2012 9:00
on-fish-fla-and-the-digital-humanities,"On Fish, FLA, and the Digital Humanities",Peter Mallios,5/23/2012 9:00
announcingdhwi,Announcing the Digital Humanities Winter Institute,MITH,5/15/2012 8:59
progress-update-on-the-modern-british-archive,Progress Update on the Modern British Archive,Jennifer Wellman,5/9/2012 9:00
why-use-visualizations-to-study-poetry,Why use visualizations to study poetry?,Lisa Marie Antonille Rhody,5/7/2012 9:00
wireframe-as-metaphor-architecting-a-digital-edition-for-katherine-anne-porters-letters,Wireframe as Metaphor: Architecting a Digital Edition for Katherine Anne Porter’s Letters,Wendy Hagenmaier,5/4/2012 9:30
58-mith-digital-dialogue-mark-matienzo-contextual-futures-the-meaning-structure-and-use-of-archival-description,"5/8 MITH Digital Dialogue: Mark Matienzo, ""Contextual Futures: The Meaning, Structure, and Use of Archival Description""",Digital Dialogues,5/2/2012 8:55
haim-lapin-housekeeping,Housekeeping,Hayim Lapin,4/30/2012 9:30
how-can-you-love-a-work-if-you-dont-know-it-six-lessons-from-team-markup,How Can You Love a Work If You Don't Know It?: Six Lessons from Team MARKUP,Amanda Visconti,4/27/2012 5:47
51-mith-digital-dialogue-carla-peterson-and-seth-denbo-from-print-to-digital-the-black-gotham-digital-archive,"5/1 MITH Digital Dialogue: Carla Peterson and Seth Denbo, ""From Print to Digital: The Black Gotham Digital Archive""",Digital Dialogues,4/25/2012 8:55
taking-stock,Taking Stock,Carla L. Peterson,4/23/2012 15:21
424-mith-digital-dialogue-jeremy-dibbell-enhancing-the-bibliosphere-bringing-historical-libraries-to-life-at-librarything,"4/24 MITH Digital Dialogue: Jeremy Dibbell, ""Enhancing the Bibliosphere: Bringing Historical Libraries to Life at LibraryThing""",Digital Dialogues,4/18/2012 11:11
carla-peterson-wins-2011-nyc-book-award-for-black-gotham,Carla Peterson Wins 2011 NYC Book Award for Black Gotham,Emma Millon,4/16/2012 12:33
names-of-the-game,Names of the Game,Nicholas Slaughter,4/16/2012 8:28
upcoming-event-this-saturday-414-theorizing-the-web-conference,Upcoming Event This Saturday 4/14: Theorizing the Web Conference,MITH,4/12/2012 10:17
417-mith-digital-dialogue-jeffrey-schnapp-building-the-digital-public-library-of-america,"4/17 MITH Digital Dialogue: Jeffrey Schnapp, ""Building the Digital Public Library of America""",Digital Dialogues,4/11/2012 9:00
looking-back-and-looking-ahead-interedition-symposium-2012,Looking Back and Looking Ahead: Interedition Symposium 2012,Grant Dickie,4/10/2012 15:08
carla-peterson-interviewed-by-brian-lehrer,Carla Peterson Interviewed by Brian Lehrer,Emma Millon,4/6/2012 9:48
designing-applications-for-extensibility-and-reuse,Designing Applications for Extensibility and Reuse,James Smith,4/5/2012 12:19
410-mith-digital-dialogue-jordan-boyd-graber-making-topics-more-humane,"4/10 MITH Digital Dialogue: Jordan Boyd-Graber, ""Making Topics More Human(e)""",Digital Dialogues,4/4/2012 9:10
archive-of-emotion,Archive of Emotion,Katherine Stanutz,4/2/2012 12:30
small-projects-limited-datasets,Small Projects & Limited Datasets,Lisa Marie Antonille Rhody,4/2/2012 9:37
server-maintenance-this-weekend,Update: Server Maintenance This Weekend,James Smith,3/30/2012 12:24
43-mith-digital-dialogue-bill-ferster-historical-interactive-visualization-coaxing-data-to-tell-stories,"4/3 MITH Digital Dialogue: Bill Ferster, ""Historical Interactive Visualization: Coaxing Data to Tell Stories""",Digital Dialogues,3/28/2012 9:00
archives-and-algorithms-thinking-about-encoding-digital-scholarly-editions,Archives and Algorithms: Thinking about Encoding Digital Scholarly Editions,Wendy Hagenmaier,3/26/2012 13:15
ocr-xml-topic-modeling-and-braille-accessibility-coming-soon-thanks-to-the-neh,"OCR, XML, Topic Modeling, and Braille Accessibility: Coming Soon Thanks to the NEH!",MITH,3/20/2012 23:39
327-mith-digital-dialogue-craig-saper-reading-as-a-publishing-practice,"3/27 MITH Digital Dialogue: Craig Saper, “R\e\a\d/i/n/g/ as a Publishing Practice”",Digital Dialogues,3/14/2012 13:00
the-black-gotham-digital-archive-the-draft-riots-of-july-1863,The Black Gotham Digital Archive: The Draft Riots of July 1863,Carla L. Peterson,3/14/2012 9:30
mith-associate-director-participating-in-knowledge-organization-and-data-modeling-in-the-humanities-workshop,MITH Associate Director Participating in “Knowledge Organization and Data Modeling in the Humanities” Workshop,Trevor Muñoz,3/12/2012 18:27
progress-real-but-in-small-steps,"Progress, real but in small steps",Hayim Lapin,3/12/2012 9:01
mith-associate-director-speaking-at-dc-public-library-panel-discussion-on-history-of-reading,MITH Associate Director Speaking at DC Public Library Panel Discussion on History of Reading,Emma Millon,3/8/2012 14:10
313-mith-digital-dialogue-lisa-m-snyder-a-conversation-about-compulsion-the-worlds-columbian-exposition-of-1893-and-virtual-reality,"3/13 MITH Digital Dialogue: Lisa M. Snyder, ""A Conversation about Compulsion, the World’s Columbian Exposition of 1893, and Virtual Reality""",Digital Dialogues,3/8/2012 8:44
announcing-miths-newly-launched-website,Announcing MITH’s Newly Launched Website!,Neil Fraistat,3/7/2012 10:24
my-dissertation-in-the-year-2112,My Dissertation in the Year 2112,Rebecca Borden,3/6/2012 9:11
mith-faculty-fellow-to-speak-at-um-libraries-campus-author-series,MITH Faculty Fellow to Speak at UM Libraries' Campus Author Series,Emma Millon,3/5/2012 8:26
into-the-electronic-reading-room-stewarding-digital-scholarly-editions,Into the Electronic Reading Room: Stewarding Digital Scholarly Editions,Wendy Hagenmaier,3/2/2012 14:57
chasing-the-great-data-whale,Chasing the Great Data Whale,Lisa Marie Antonille Rhody,3/2/2012 9:10
36-mith-digital-dialogue-lynn-cazabon-the-archives-shadow,"3/6 MITH Digital Dialogue: Lynn Cazabon, ""The Archive's Shadow""",Digital Dialogues,3/1/2012 8:00
special-edition-digital-dialogue-beth-plale-digital-humanities-at-scale-the-hathitrust-research-center,"Special Edition Digital Dialogue: Beth Plale, ""Digital Humanities at Scale: the HathiTrust Research Center""",Digital Dialogues,2/27/2012 13:02
from-digital-humanities-to-neuroscience-to-speculative-realism-a-day-in-the-reading-life-of-neil-fraistat,From Digital Humanities to Neuroscience to Speculative Realism: A Day in the Reading Life of Neil Fraistat,MITH,2/24/2012 13:14
mith-faculty-fellow-carla-peterson-in-the-news,MITH Faculty Fellow Carla Peterson in the News,Emma Millon,2/22/2012 13:16
228-mith-digital-dialogue-leigh-wilson-smiley-vocal-visions,"2/28 MITH Digital Dialogue: Leigh Wilson Smiley, ""Vocal Visions""",Digital Dialogues,2/22/2012 11:16
part-2-mith-faculty-fellow-answers-readers-questions-on-times-taking-questions,Part 2: MITH Faculty Fellow Answers Readers' Questions on Times’ “Taking Questions”,Emma Millon,2/20/2012 13:02
open-water,Open Water,Peter Mallios,2/20/2012 12:41
221-mith-digital-dialogue-michael-witmore-shakespeare-from-the-waist-down,"2/21 MITH Digital Dialogue: Michael Witmore, ""Shakespeare from the Waist Down""",Digital Dialogues,2/16/2012 12:00
reports-from-glam-camp,Reports from GLAM Camp,Grant Dickie,2/16/2012 8:40
mith-faculty-fellow-answers-readers-questions-on-times-taking-questions,MITH Faculty Fellow Answers Readers' Questions on Times’ “Taking Questions”,Emma Millon,2/15/2012 8:34
214-mith-digital-dialogue-melanie-kill-knowledge-and-meaning-in-the-information-age-a-humanist-perspective-on-wikipedia,"2/14 MITH Digital Dialogue: Melanie Kill, “Knowledge and Meaning in the Information Age: A Humanist Perspective on Wikipedia”",Digital Dialogues,2/8/2012 8:00
extremely-visible-and-incredibly-close-reading-of-logos,Extremely Visible and Incredibly Close Reading of Logos,Amanda Visconti,2/7/2012 11:43
the-dlc-is-back,The DLC is Back!,MITH,2/7/2012 9:27
former-mither-doug-reside-featured-in-the-new-york-times,Former MITHer Doug Reside Featured in The New York Times,MITH,2/2/2012 14:34
27-mith-digital-dialogue-julia-flanders-small-tei-projects-on-a-large-scale-tapas,"2/7 MITH Digital Dialogue: Julia Flanders, ""Small TEI Projects on a Large Scale: TAPAS""",Digital Dialogues,1/31/2012 8:00
storytelling,Storytelling,Carla L. Peterson,1/30/2012 8:20
spring-mith-monitor-hot-off-the-press,Spring MITH Monitor Hot Off the Press!,Emma Millon,1/27/2012 12:23
deena-larsen-collection-temporarily-down,Deena Larsen Collection Temporarily Down,MITH,1/26/2012 16:04
thinking-about-the-end-product,Thinking about the End Product,Hayim Lapin,1/26/2012 10:12
thatcamp-games-maryland-is-for-gamers,THATCamp Games: Maryland Is For Gamers,Amanda Visconti,1/25/2012 13:33
telling-the-story-of-foreign-literatures-in-america,Telling the Story of Foreign Literatures in America,Jennifer Wellman,1/23/2012 15:10
mith-welcomes-lisa-rhody-as-winnemore-fellow,MITH Welcomes Lisa Rhody as Winnemore Fellow,MITH,1/18/2012 9:18
bitcurator-is-designing-curation-tools-for-use,BitCurator is Designing Curation Tools for Use,Porter Olsen,1/12/2012 14:50
announcing-our-spring-digital-dialogues,Announcing our Spring Digital Dialogues!,Emma Millon,1/12/2012 12:34
digitally-networking-the-humanities,Digitally Networking the Humanities,MITH,1/11/2012 16:32
publicist-wanted,Publicist Wanted,MITH,1/10/2012 13:42
reinventing-the-boundaries-of-american-literature,Reinventing the Boundaries of American Literature,Nicholas Slaughter,1/9/2012 10:34
miths-associate-director-in-the-new-york-times,MITH’s Associate Director in The New York Times,MITH,1/3/2012 11:50
new-output,New Output,Hayim Lapin,1/3/2012 9:58
report-workshop-on-tools-for-digital-scholarly-editions-cologne-germany,"Report: Workshop on Tools for Digital Scholarly Editions (Cologne, Germany)",Grant Dickie,1/2/2012 16:23
beginning-to-have-something-to-show-for-it,Beginning to Have Something to Show for It,Hayim Lapin,12/23/2011 12:13
searching-for-the-quantum-dimension-of-foreign-literature,Searching for the Quantum Dimension of Foreign Literature,Rebecca Borden,12/21/2011 17:45
beginnings-bga,Beginnings,Carla L. Peterson,12/20/2011 15:51
bitcurator-team-convenes-to-analyze-digital-forensics-in-archival-workflows,BitCurator Team Convenes to Analyze Digital Forensics in Archival Workflows,MITH,12/15/2011 13:54
beginnings-fla,Beginnings…,Peter Mallios,12/7/2011 12:09
whats-the-virtue-of-virtuality,What's the Virtue of Virtuality?,Carla L. Peterson,11/21/2011 9:57
progress-involves-some-undoing,Progress Involves Some Undoing,Hayim Lapin,11/17/2011 14:52
1129-mith-digital-dialogue-beth-bonsignore-ann-fraistat-kari-kraus-amanda-visconti-its-not-a-game-to-me-args-game-design-secret-agents-in-the-schoolroom,"11/29 MITH Digital Dialogue: Beth Bonsignore, Ann Fraistat, Kari Kraus, Amanda Visconti, ""'It's not a game to me:' ARGs, Game Design & Secret Agents in the Schoolroom""",Digital Dialogues,11/17/2011 9:00
come-chat-about-dh-gender-sexuality,"Come chat about DH, gender & sexuality...",Jennifer Guiliano,11/14/2011 14:43
delmas-grant-to-support-the-shelley-godwin-archive,Delmas Grant to Support the Shelley-Godwin Archive,MITH,11/14/2011 13:00
1115-mith-digital-dialogue-beth-coleman-everything-is-animated-pervasive-media-and-the-networked-subject,"11/15 MITH Digital Dialogue: Beth Coleman, ""Everything is Animated: Pervasive Media and the Networked Subject""",Digital Dialogues,11/10/2011 12:00
mith-receives-the-bill-bly-collection-of-electronic-literature,MITH Receives the Bill Bly Collection of Electronic Literature,MITH,11/10/2011 10:42
confessions,Confessions,Carla L. Peterson,11/8/2011 16:30
archive-ahoy-a-dive-into-the-world-of-game-preservation,Archive Ahoy!: A Dive into the World of Game Preservation,Emma Millon,11/4/2011 12:28
118-mith-digital-dialogue-peter-kay-thoughts-on-the-decline-of-the-book-as-physical-object,"11/8 MITH Digital Dialogue: Peter Kay, ""Thoughts on the Decline of the Book as Physical Object""",Digital Dialogues,11/3/2011 8:33
nanodhmo-nadhmo-whatever-lets-just-make-something,"NanoDHMo, NaDHMo, ... Whatever, Let's Just Make Something",James Smith,11/2/2011 10:42
111-mith-digital-dialogue-trevor-munoz-learning-on-the-job-data-curation-by-humanists-librarians-and-the-public,"11/1 MITH Digital Dialogue: Trevor Muñoz, ""Learning on the Job: Data Curation by Humanists, Librarians, and the Public""",Digital Dialogues,10/28/2011 7:14
videogames-as-objects-of-cultural-preservation,Videogames as Objects of Cultural Preservation,Rachel Donahue,10/27/2011 13:59
seeking-applications-for-winnemore-dissertation-fellowship,Seeking Applications for Winnemore Dissertation Fellowship,MITH,10/25/2011 10:41
1025-mith-digital-dialogue-rachel-frick-networked-macrosolutions-library-peer-sourced-collaborative-services,"10/25 MITH Digital Dialogue: Rachel Frick, ""Networked Macrosolutions: Library Peer-Sourced Collaborative Services""",Digital Dialogues,10/20/2011 11:00
mith-partners-with-unc-sils-on-digital-forensics-project,MITH Partners with UNC SILS on Digital Forensics Project,MITH,10/20/2011 8:21
starting-out,Starting Out,Hayim Lapin,10/19/2011 15:11
witches-networks-of-intellectual-history-magnetic-recording-railroads-and-womens-writing-at-the-2011-nebraska-digital-workshop,"Witches, Networks of Intellectual History, Magnetic Recording, Railroads, and Women's Writing at the 2011 Nebraska Digital Workshop",Trevor Muñoz,10/19/2011 13:05
travis-brown-to-lead-research-and-development-as-assistant-director,Travis Brown to Lead Research and Development as Assistant Director,MITH,10/18/2011 16:54
diggable-data-scalable-reading-and-new-humanities-scholarship,"Diggable Data, Scalable Reading, and New Humanities Scholarship",Seth Denbo,10/18/2011 8:59
1018-mith-digital-dialogue-jennifer-guiliano-practical-strategies-for-digital-humanities-development-10-things-i-wish-someone-would-have-told-me-before-i-began-digital-humanities-research,"10/18 MITH Digital Dialogue: Jennifer Guiliano, ""Practical Strategies for Digital Humanities Development: 10 Things I Wish Someone Would Have Told Me Before I Began Digital Humanities Research""",Digital Dialogues,10/12/2011 11:00
transcribing-the-shelley-godwin-archive,Transcribing The Shelley-Godwin Archive,David Brookshire,10/12/2011 9:39
interedition-bootcamp-wuerzburg-day-5,Interedition Bootcamp Wuerzburg: Day 5,Grant Dickie,10/11/2011 17:39
an-english-professor-among-the-archivists,An English Professor Among the Archivists,Matthew Kirschenbaum,10/10/2011 11:38
interedition-bootcamp-wuerzburg-day-3-4,Interedition Bootcamp Wuerzburg: Day 3 & 4,Grant Dickie,10/10/2011 10:43
interedition-bootcamp-wuerzburg-day-2-contd,Interedition Bootcamp Wuerzburg: Day 2 (Cont'd),Grant Dickie,10/9/2011 4:12
interedition-bootcamp-wuerzburg-day-2,Interedition Bootcamp Wuerzburg: Day 2,Grant Dickie,10/8/2011 6:26
interedition-bootcamp-day-1,Interedition Bootcamp: Day 1,Grant Dickie,10/7/2011 15:35
1011-mith-digital-dialogue-fred-gibbs-criticism-in-the-digital-humanities,"10/11 MITH Digital Dialogue: Fred Gibbs, ""Criticism in the Digital Humanities""",Digital Dialogues,10/6/2011 8:35
mith-sponsors-thatcamp-games,MITH Sponsors THATCamp Games,Amanda Visconti,10/5/2011 13:23
104-mith-digital-dialogue-robert-k-nelson-hardtack-and-software-topic-modeling-in-civil-war-newspapers,"10/4 MITH Digital Dialogue: Robert K. Nelson, ""Hardtack and Software: Topic Modeling in Civil War Newspapers""",Digital Dialogues,9/29/2011 11:00
1004-mith-digital-dialogue-robert-k-nelson-hardtack-and-software-topic-modeling-in-civil-war-newspapers,"10/04 MITH Digital Dialogue: Robert K. Nelson, ""Hardtack and Software: Topic Modeling in Civil War Newspapers""",Digital Dialogues,9/28/2011 9:00
whats-happening-at-mith,What's Happening at MITH?,MITH,9/26/2011 8:32
927-mith-digital-dialogue-david-mimno-computational-historiography-in-a-century-of-classics-journals,"9/27 MITH Digital Dialogue: David Mimno, ""Computational Historiography in a Century of Classics Journals""",Digital Dialogues,9/22/2011 8:00
position-available-mith-graduate-assistant,Position Available: MITH Graduate Assistant,MITH,9/20/2011 10:20
920-mith-digital-dialogue-aditi-muralidharan-large-scale-text-analysis-in-the-digital-humanities-methods-and-challenges,"9/20 MITH Digital Dialogue: Aditi Muralidharan, ""Large Scale Text Analysis in the Digital Humanities: Methods and Challenges""",Digital Dialogues,9/14/2011 9:00
announcing-our-fall-digital-dialogues,Announcing Our Fall Digital Dialogues!,Digital Dialogues,9/6/2011 9:47
introducing-the-mith-monitor,Introducing the MITH Monitor,Neil Fraistat,8/31/2011 8:49
faculty-fellowships-open-up-new-avenues-for-research-collaboration,Faculty Fellowships Open Up New Avenues for Research Collaboration,MITH,8/29/2011 8:51
reading-the-topic-modeling-literature,Reading the Topic Modeling Literature,Clay Templeton,8/19/2011 13:40
reflections-on-scale-and-topic-modeling,Reflections on Scale and Topic Modeling,Sayan Bhattacharyya,8/8/2011 9:40
topic-modeling-in-the-humanities-an-overview,Topic Modeling in the Humanities: An Overview,Clay Templeton,8/1/2011 9:16
digital-amphitheatres-virtual-odea-announcing-the-launch-of-theatre-finder,"Digital Amphitheatres, Virtual Odea: Announcing the Launch of Theatre Finder",Emma Millon,7/26/2011 14:45
born-digital-materials-at-uvas-rare-book-school,Born-Digital Materials at UVA's Rare Book School,Matthew Kirschenbaum,7/25/2011 12:22
digging-into-data-with-topic-models,Digging into Data with Topic Models,Sayan Bhattacharyya,7/22/2011 11:11
mith-welcomes-new-assistant-director,MITH Welcomes New Assistant Director,MITH,7/21/2011 15:02
tile-1-0,TILE 1.0,Dave Lester,7/21/2011 11:51
mith-awarded-amazon-web-services-grant,MITH Awarded Amazon Web Services Grant,Travis Brown,7/15/2011 9:06
welcome-clay-and-sayan,Welcome Clay and Sayan,MITH,7/14/2011 12:27
new-models-for-scholarly-communication,New Models for Scholarly Communication,Neil Fraistat,7/14/2011 9:35
project-bamboo-building-shared-infrastructure-for-humanities-research,Project Bamboo: Building Shared Infrastructure for Humanities Research,Emma Millon,7/1/2011 10:20
you-say-tomayto-i-say-tomahto-announcing-the-visual-accent-and-dialect-archive-vada,"You Say Tomayto, I Say Tomahto: Announcing the Visual Accent and Dialect Archive (VADA)",Emma Millon,6/23/2011 14:19
accessing-the-dlc-from-a-distance,Accessing the DLC from a Distance?,Leighton Christiansen,6/21/2011 9:00
mith-welcomes-new-associate-director,MITH Welcomes New Associate Director,MITH,6/18/2011 20:48
nea-grant-to-build-music-theater-online-1866-1923,NEA Grant to Build Music Theater Online: 1866-1923,MITH,6/14/2011 11:41
hands-on-the-dlc-finding-and-finding-aids,Hands on the DLC: Finding and Finding Aids,Leighton Christiansen,6/13/2011 9:00
frankenstein-goes-digital-recent-neh-award-to-build-shelley-godwin-archive,Frankenstein Goes Digital: Recent NEH Award to Build Shelley-Godwin Archive,Emma Millon,6/7/2011 15:41
the-deena-larsen-collection-as-a-research-test-bed,The Deena Larsen Collection as a Research Test Bed,Leighton Christiansen,6/6/2011 9:00
visiting-the-deena-larsen-collection,Visiting the Deena Larsen Collection,Leighton Christiansen,5/31/2011 13:25
preserving-the-roguish-form-a-conversation-in-hypertexts-with-bill-bly-and-deena-larsen,Preserving the Roguish Form: A Conversation in Hypertexts with Bill Bly and Deena Larsen,MITH,5/24/2011 22:40
position-available-mith-assistant-director,Position Available: MITH Assistant Director,Neil Fraistat,5/23/2011 12:59
mith-is-moving-on,MITH is Moving On!,Emma Millon,5/18/2011 12:15
documenting-dance-upcoming-event-monday-516-at-the-kennedy-center,Documenting Dance: Upcoming Event Monday 5/16 at the Kennedy Center,Emma Millon,5/9/2011 12:48
semester-finale-of-stylish-happenings,Semester Finale of Stylish Happenings,MITH,5/5/2011 15:04
mith-welcomes-new-community-lead,MITH Welcomes New Community Lead,Neil Fraistat,4/27/2011 11:36
53-mith-digital-dialogue-siva-vaidhyanathan-the-googlization-of-surveillance,"5/3 MITH Digital Dialogue: Siva Vaidhyanathan, ""The Googlization of Surveillance""",Digital Dialogues,4/27/2011 9:31
426-mith-digital-dialogue-neil-fraistat-and-seth-denbo-diggable-data-scalable-reading-and-new-humanities-scholarship,"4/26 MITH Digital Dialogue: Neil Fraistat and Seth Denbo, ""Diggable Data, Scalable Reading, and New Humanities Scholarship""",Digital Dialogues,4/20/2011 14:34
congratulations-to-dave-lester,Congratulations to Dave Lester!,Neil Fraistat,4/20/2011 10:33
419-mith-digital-dialogue-james-smith-player-piano-mechanizing-the-humanities,"4/19 MITH Digital Dialogue: James Smith, ""Player Piano: Mechanizing the Humanities""",Digital Dialogues,4/13/2011 10:40
matthew-kirschenbaum-awarded-guggenheim-fellowship,Matthew Kirschenbaum awarded Guggenheim Fellowship,James Neal,4/12/2011 16:20
412-mith-digital-dialogue-maria-velazquez-communities-incarnate-virtual-intimacies-of-body-and-place,"4/12 MITH Digital Dialogue: Maria Velazquez, ""Communities Incarnate: Virtual Intimacies of Body and Place""",Digital Dialogues,4/9/2011 17:53
48-mith-digital-dialogue-richard-grusin-the-future-of-21st-century-studies,"4/8 MITH Digital Dialogue: Richard Grusin, ""The Future of 21st Century Studies""",Digital Dialogues,4/1/2011 16:00
mith-and-dh-in-the-news-and-in-the-world,MITH and DH in the News and in the World,MITH,3/29/2011 8:02
329-mith-digital-dialogue-travis-brown-teaching-machines-to-read-milton-natural-language-processing-challenges-for-literary-and-historical-texts,"3/29 MITH Digital Dialogue: Travis Brown, ""Teaching Machines to Read Milton: Natural Language Processing Challenges for Literary and Historical Texts""",Digital Dialogues,3/23/2011 9:56
associate-director-position-assistant-dean-libraries,"We're Hiring: Associate Director, MITH; Assistant Dean for Digital Humanities Research, Libraries",MITH,3/18/2011 12:01
315-mith-digital-dialogue-thomas-gideon-the-international-amateur-scanning-league-unlocking-the-federal-archives-one-work-at-a-time,"3/15 MITH Digital Dialogue: Thomas Gideon, ""The International Amateur Scanning League, Unlocking the Federal Archives One Work at a Time""",Digital Dialogues,3/9/2011 11:05
how-byronic-is-emma-woodchipping-the-digital-humanities,‘How Byronic is Emma’: Woodchipping the Digital Humanities,MITH,3/8/2011 17:30
mith-hosts-corporacamp,MITH Hosts CorporaCamp,MITH,3/2/2011 17:02
38-mith-digital-dialogue-mary-flanagan-playworlds-rule-systems,"3/8 MITH Digital Dialogue: Mary Flanagan, ""Playworlds: rule systems & relational art""",Digital Dialogues,3/2/2011 9:06
31-mith-digital-dialogue-tim-carmody-stop-being-polite-and-start-getting-real-professional-education-for-professional-humanists,"3/1 MITH Digital Dialogue: Tim Carmody, ""Stop Being Polite and Start Getting Real: Professional Education for Professional Humanists""",Digital Dialogues,2/23/2011 8:46
position-available-mith-community-lead,Position Available: MITH Community Lead,MITH,2/18/2011 11:48
coalition-for-networked-information-cni-video-featuring-mith39s-matthew-kirschenbaum-and-rachel-donahaue-45-digital-forensics-cultural-heritage,Coalition for Networked Information (CNI) - VIDEO featuring MITH's Matthew Kirschenbaum and Rachel Donahaue - Digital Forensics & Cultural Heritage,MITH,2/16/2011 16:38
222-mith-digital-dialogue-julie-meloni-community-cohesion-and-commitment-developing-and-deploying-open-source-tools-in-the-uva-online-library-environment,"2/22 MITH Digital Dialogue: Julie Meloni, Community, Cohesion, and Commitment: Developing and Deploying Open Source Tools in the UVa Online Library Environment",Digital Dialogues,2/16/2011 10:42
introducing-tile-0-9,Introducing TILE 0.9,MITH,2/14/2011 15:37
215-mith-digital-dialogue-trevor-owens-the-time-and-place-for-space-and-time-interfaces-to-distributed-cultural-heritage-collections,"2/15 MITH Digital Dialogue: Trevor Owens, The Time and Place for Space and Time: Interfaces to distributed cultural heritage collections",Digital Dialogues,2/9/2011 9:21
the-questions-of-digital-humanities,The Question(s) of Digital Humanities,Neil Fraistat,2/7/2011 16:00
digital-dialogues-returns-to-mith,Digital Dialogues returns to MITH,Digital Dialogues,2/7/2011 13:04
maria-velazquez-american-studies-phd-student-latest-mith-winnemore-digital-humanities-dissertation-fellow,"Maria Velazquez, American Studies PhD student, latest MITH Winnemore Digital Humanities Dissertation Fellow",MITH,2/4/2011 19:33
collaborators-bill-of-rights-from-recent-off-the-tracks-workshop,"Collaborators’ Bill of Rights from recent ""Off The Tracks"" workshop",MITH,1/24/2011 13:44
advanced-tei-seminar-off-the-tracks-workshop-on-professionalization-in-dh-centers,Advanced TEI Seminar & Workshop on Professionalization in DH Centers,MITH,1/19/2011 11:51
barn-raising-report,Barn raising report,MITH,1/14/2011 12:46
mith-digital-humanities-mentioned-in-chronicle-coverage-from-mla-2011,MITH and Digital Humanities coverage in Chronicle from MLA 2011,MITH,1/10/2011 13:23
mith-barn-raising-continues,MITH barn raising continues,MITH,1/5/2011 10:56
mith-in-top-ten,MITH in Top Ten!,MITH,1/3/2011 15:22
call-for-participants-mith-api-workshop,"Call for Participants, MITH API Workshop",Dave Lester,12/21/2010 11:22
first-mith-barn-raising-web-based-tei-editor,First MITH barn-raising: Web-based TEI editor,MITH,12/20/2010 17:35
announcing-new-mith-hires,Four New MITH Hires,MITH,12/15/2010 15:47
digital-forensics-and-cultural-heritage,Digital Forensics and Cultural Heritage,MITH,12/15/2010 10:44
congratulations-to-doug-reside,Congratulations to Doug Reside!,Neil Fraistat,12/14/2010 17:03
mith-stickers-up-for-grabs,MITH stickers up for grabs,MITH,12/1/2010 14:53
franklin-j-hildy-developing-the-theatre-finder-org-project,"11/30 MITH Digital Dialogue: Franklin J. Hildy, Developing the theatre-finder.org Project",Digital Dialogues,11/26/2010 22:25
1116-mith-digital-dialogue-tara-rodgers-representing-lively-bodies-in-sound-legacies-of-analog-signification-in-digital-audio,"11/16 MITH Digital Dialogue: Tara Rodgers, Representing Lively Bodies in Sound: Legacies of Analog Signification in Digital Audio",Digital Dialogues,11/10/2010 10:04
call-for-applicants-winnemore-digital-humanities-dissertation-fellowship,Call for Applicants: Winnemore Digital Humanities Dissertation Fellowship,MITH,11/4/2010 15:06
mith-welcomes-jason-scott,MITH Welcomes Jason Scott,MITH,11/2/2010 10:16
112-mith-digital-dialogue-matthew-k-gold-beyond-friending-cunycommons-and-the-emergence-of-the-social-university,"11/2 MITH Digital Dialogue: Matthew K. Gold, Beyond Friending: @cunycommons and the Emergence of the Social University",Digital Dialogues,10/27/2010 13:36
1026-mith-digital-dialogue-hasan-elahi-tracking-transience-the-orwell-project,"10/26 MITH Digital Dialogue: Hasan Elahi, Tracking Transience: The Orwell Project",Digital Dialogues,10/21/2010 10:03
neil-fraistat-delivers-keynote-in-vienna,Neil Fraistat Delivers Keynote in Vienna,MITH,10/19/2010 22:24
1019-mith-digital-dialogue-wayne-graham-uva-and-joe-gilbert-uva-a-humanists-introduction-to-programming-with-ruby,"10/19 MITH Digital Dialogue: Wayne Graham (UVA) and Joe Gilbert (UVA), ""A Humanist’s Introduction to Programming (with Ruby)""",Digital Dialogues,10/14/2010 10:00
three-new-jobs-at-mith,Three New Jobs at MITH,MITH,10/7/2010 13:40
1012-mith-digital-dialogue-jason-farman-mapping-the-mobile-interface-geolocation-meets-visualization,"10/12 MITH Digital Dialogue: Jason Farman, Mapping the Mobile Interface: Geolocation Meets Visualization",Digital Dialogues,10/6/2010 9:45
preserving-virtual-worlds-2-funded,Preserving Virtual Worlds 2 Funded,MITH,10/4/2010 12:57
mith-welcomes-alan-liu,MITH Welcomes Alan Liu,MITH,9/28/2010 10:55
preserving-virtual-worlds-releases-final-report-shortlisted-for-digital-preservation-award,"Preserving Virtual Worlds Releases Final Report, Shortlisted for Digital Preservation Award",MITH,9/21/2010 10:46
921-mith-digital-dialogue-mappingdc-openstreetmap-mapping-party,"9/21 MITH Digital Dialogue: MappingDC, OpenStreetMap Mapping Party",Digital Dialogues,9/20/2010 8:17
mith-launches-vintage-computing-site,MITH Launches Vintage Computing Site,MITH,9/10/2010 8:35
914-mith-digital-dialogue-zeynep-tufekci-and-nathan-jurgenson-the-ipad-the-jesus-tablet-and-the-resurrection-of-consumer-society,"9/14 MITH Digital Dialogue: Zeynep Tufekci and Nathan Jurgenson, The iPad: The ""Jesus Tablet"" and the Resurrection of Consumer Society",Digital Dialogues,9/8/2010 12:55
fall-2010-digital-dialogues-schedule,Fall 2010 Digital Dialogues Schedule,Digital Dialogues,9/7/2010 15:52
welcome-back-to-mith,Welcome Back to MITH!,MITH,8/30/2010 11:45
mith-wins-two-new-neh-digital-humanities-start-up-grants,MITH Wins Two New NEH Digital Humanities Start Up Grants,MITH,8/18/2010 9:11
spring-2010-roy-rosenzweig-forum-on-technology-and-the-humanities-the-library-of-congress-twitter-archive,Spring 2010 Roy Rosenzweig Forum on Technology and the Humanities: The Library of Congress Twitter Archive,MITH,5/18/2010 17:42
tedx-potomac-simulcast-at-mith,TEDx Potomac Simulcast at MITH,MITH,5/17/2010 11:09
preserving-virtual-worlds-hits-the-airwaves-again,Preserving Virtual Worlds Hits the Airwaves Again,MITH,5/3/2010 15:28
427-mith-digital-dialogue-ray-siemens-tool-mashing-the-devonshire-ms-bl-add-17492-and-its-networks,"4/27 MITH Digital Dialogue: Ray Siemens, ""Tool Mashing: The Devonshire MS (BL Add 17492) and its Networks""",Digital Dialogues,4/21/2010 10:50
420-mith-digital-dialogue-mirona-meagearu-performance-in-digital-poetry-technique-spectacle-and-representation-of-cultural-intersections,"4/20 MITH Digital Dialogue: Mirona Magearu, ""Performance in Digital Poetry: Technique, Spectacle, and Representation of Cultural Intersections""",Digital Dialogues,4/15/2010 15:11
413-mith-digital-dialogue-sharon-leon-doing-history-in-public-digital-history-in-the-digital-humanities,"4/13 MITH Digital Dialogue: Sharon Leon, ""Doing History in Public: Digital History in the Digital Humanities""",Digital Dialogues,4/7/2010 10:10
mith-fellowship-call,MITH Fellowship Call,MITH,3/31/2010 8:05
330-mith-digital-dialogue-nick-chen-kari-kraus-prototyping-a-dual-display-e-reader-in-the-literature-classroom-2,"3/30 MITH Digital Dialogue: Nick Chen & Kari Kraus, ""Prototyping a Dual-Display e-Reader in the Literature Classroom""",Digital Dialogues,3/24/2010 11:05
march-23-digital-dialogue-beth-bonsignore-the-design-and-use-of-storykit-an-intergenerational-mobile-storytelling-app,"3/23 MITH Digital Dialogue: Beth Bonsignore, ""The Design and Use of StoryKit: An Intergenerational Mobile Storytelling App""",Digital Dialogues,3/17/2010 18:32
announcing-musical-theatre-online,Announcing Musical Theatre Online!,MITH,3/7/2010 9:44
doug-reside-promoted-to-asscoiate-director,Doug Reside Promoted to Associate Director!,MITH,3/1/2010 11:03
rescheduled-feburary-16th-digital-dialogue-dave-lester-collaborative-approaches-to-digital-humanities-unconferences-and-crowdsourcing,"2/16 MITH Digital Dialogue: Dave Lester, “Collaborative Approaches to Digital Humanities: Unconferences and Crowdsourcing”",Digital Dialogues,2/15/2010 10:35
rosenzweig-forum-for-the-digital-humanities,Rosenzweig Forum for the Digital Humanities,MITH,2/15/2010 10:33
reading-for-the-snowbound-and-the-rest-of-you,Reading for the Snowbound (and the Rest of You),MITH,2/11/2010 13:14
february-9th-digital-dialogue-dave-lester-collaborative-approaches-to-digital-humanities-unconferences-and-crowdsourcing,"2/9 MITH Digital Dialogue: Dave Lester, ""Collaborative Approaches to Digital Humanities: Unconferences and Crowdsourcing""",Digital Dialogues,2/3/2010 23:46
spring-2010-digital-dialogues-schedule,Spring 2010 Digital Dialogues Schedule,Digital Dialogues,2/1/2010 15:58
mith-in-the-news,MITH in the News,MITH,1/26/2010 12:12
december-15th-digital-dialogues-bonus-edition,December 15th Digital Dialogues Bonus Edition!,Digital Dialogues,12/11/2009 12:16
announcing-the-deena-larsen-collection,Announcing the Deena Larsen Collection,MITH,12/2/2009 23:23
mith-welcomes-dave-lester,MITH Welcomes Dave Lester,MITH,12/1/2009 11:47
shakespeare-quartos-archive-launched,Shakespeare Quartos Archive Launched,MITH,11/18/2009 20:08
1117-mith-digital-dialogue-jennifer-fleeger-archiving-america-the-vitaphone-the-dvd-and-warner-bros-restore-jazz-history,"11/17 MITH Digital Dialogue: Jennifer Fleeger, ""Archiving America: The Vitaphone, the DVD, and Warner Bros. (re)store Jazz History",Digital Dialogues,11/13/2009 14:56
greg-crane-podcast-now-available,Greg Crane Podcast Now Available,MITH,11/12/2009 14:43
centernet-joins-chain-gang,centerNet Joins CHAIN Gang,MITH,11/10/2009 18:22
chain,Coalition of Humanities and Arts Infrastructures and Networks - CHAIN,MITH,11/10/2009 14:44
fall-digital-dialogues-now-available,Fall Digital Dialogues Now Available,Digital Dialogues,11/4/2009 17:38
1111-mith-digital-dialogue-greg-crane-from-the-first-year-through-tenure-new-pathways-for-humanities-in-a-digital-age,"11/11 MITH Digital Dialogue: Greg Crane, ""From the First Year Through Tenure: New Pathways for Humanities in a Digital Age""",Digital Dialogues,11/4/2009 10:29
call-for-applications-miths-winnemore-digital-humanities-dissertation-fellowship,Call for Applications: MITH's Winnemore Digital Humanities Dissertation Fellowship,MITH,11/2/2009 21:27
coming-up-mith-113-ben-bederson-nick-chen-matt-kirschenbaum-the-great-ebook-throwdown,"Coming up @ MITH 11/3: Ben Bederson, Nick Chen, & Matt Kirschenbaum, ""The Great Ebook Throwdown""",Digital Dialogues,10/29/2009 14:03
mith-welcomes-dcc,MITH Welcomes DCC,MITH,10/24/2009 19:15
1027-mith-digital-dialogue-mark-sample-the-open-source-professor-teaching-research-and-transparency,"10/27 MITH Digital Dialogue: Mark Sample, ""The Open Source Professor: Teaching, Research, and Transparency""",Digital Dialogues,10/21/2009 8:22
an-evening-with-bruce-sterling,An Evening with Bruce Sterling,MITH,10/17/2009 8:56
1020-mith-digital-dialogue-doug-reside-ifthen-101-teaching-programming-at-maryland,"10/20 MITH Digital Dialogue: Doug Reside, ""If/Then 101: Teaching Programming at Maryland""",Digital Dialogues,10/14/2009 8:28
1013-mith-digital-dialogue-sayeed-choudhury-an-abundant-humanities-library,"10/13 MITH Digital Dialogue: Sayeed Choudhury, ""An Abundant Humanities Library""",Digital Dialogues,10/7/2009 8:23
106-mith-digital-dialogue-brad-pasanek-a-dictionary-a-database-a-desultory-reader-metaphors-for-the-mind-in-eighteenth-century-literature,"10/6 MITH Digital Dialogue: Brad Pasanek, ""A Dictionary, A Database, A Desultory Reader: Metaphors for the Mind in Eighteenth-Century Literature""",Digital Dialogues,10/2/2009 9:17
jobs-assistant-director-a-new-position-mith,Job: Assistant Director,MITH,9/30/2009 14:20
929-mith-digital-dialogue-zita-nunes-english-and-comparative-literature-the-harlem-renaissance-in-second-life,"9/29 MITH Digital Dialogue: Zita Nunes (English and Comparative Literature), ""The Harlem Renaissance in Second Life.""",Digital Dialogues,9/23/2009 9:39
mith-co-pis-centernet-start-up,MITH co-PIs centerNet Start Up,MITH,9/10/2009 6:15
september-15th-digital-dialgoue-rachel-donahue-a-glance-at-the-current-state-of-video-game-preservation,"10/5 Digital Dialgoue: Rachel Donahue, ""A Glance at the Current State of Video Game Preservation""",MITH,9/8/2009 22:16
upcoming-digital-dialogue-lecture,Upcoming Digital Dialogue Lecture,Digital Dialogues,9/2/2009 11:55
donahue-elected-to-saa-steering-committee,Donahue Elected to SAA Steering Committee,MITH,8/19/2009 9:04
apply-for-advanced-tei-seminar-at-mith,Apply for Advanced TEI Seminar at MITH!,MITH,8/3/2009 11:24
mith-receives-mellon-funding-for-open-annotation-collaboration,MITH Receives Mellon Funding for Open Annotation Collaboration,MITH,8/3/2009 11:22
mith-receives-mellon-funding-for-computer-forensics-report,MITH Receives Mellon Funding for Computer Forensics Report,MITH,7/11/2009 11:20
dh09-registrations-breaks-300,DH09 Registrations Breaks 300!,MITH,6/11/2009 21:14
approaches-to-managing-and-collecting-born-digital-literary-resources-for-scholarly-use,Approaches to Managing and Collecting Born-Digital Literary Resources for Scholarly Use,MITH,5/11/2009 13:38
mith-welcomes-amanda-visconti,MITH Welcomes Amanda Visconti,MITH,5/5/2009 14:50
dh09-program-now-available,DH09 Program Now Available,MITH,5/5/2009 14:48
may-5th-digital-dialogue-katie-king-networked-reenactments-how-television-museums-and-universities-tried-to-find-audiences-in-the-nineties,"5/5 MITH Digital Dialogue: Katie King, ""Networked Reenactments: how television, museums, and universities tried to find audiences in the nineties""",Digital Dialogues,4/30/2009 23:02
428-mith-digital-dialogue-preserving-virtual-worlds-a-mith-research-update,"4/28 MITH Digital Dialogue: ""Preserving Virtual Worlds: A MITH Research Update""",Digital Dialogues,4/22/2009 13:24
421-mith-digital-dialogue-mills-kelly-what-happens-when-you-teach-students-to-lie-online,"4/21 MITH Digital Dialogue: Mills Kelly, ""What Happens When You Teach Students to Lie Online?""",Digital Dialogues,4/15/2009 15:07
mith-is-hiring-a-web-programmer,MITH is Hiring a Web Programmer,MITH,4/9/2009 14:23
414-mith-digital-dialogue-andrew-stauffer-formalization-transformation-and-the-digital-scholarly-edition,"4/14 MITH Digital Dialogue: Andrew Stauffer, ""Formalization, Transformation, and the Digital Scholarly Edition""",Digital Dialogues,4/8/2009 11:29
mith-in-the-chronicle,MITH in the Chronicle,MITH,4/7/2009 15:06
47-mith-digital-dialogue-wendell-piez-how-to-play-xml-markup-technologies-as-nomic-game,"4/7 MITH Digital Dialogue: Wendell Piez, ""How to Play XML: Markup Technologies as Nomic Game""",Digital Dialogues,4/1/2009 12:28
call-for-fellowships,Call for Fellowships,MITH,3/31/2009 16:14
331-mith-digital-dialogue-doug-reside-grant-dickie-the-shakespeare-quartos-archive-a-mith-research-update,"3/31 MITH Digital Dialogue: Doug Reside &#038; Grant Dickie, ""The Shakespeare Quartos Archive: A MITH Research Update""",Digital Dialogues,3/27/2009 11:08
miths-tile-project-funded-by-neh-preservation-and-access,MITH's TILE Project Funded by NEH Preservation and Access,MITH,3/26/2009 13:45
mith-wins-fourth-neh-digital-humanities-start-up-grant,MITH Wins Fourth NEH Digital Humanities Start Up Grant,MITH,3/24/2009 19:34
324-mith-digital-dialogue-despina-kakoudaki-are-robots-real-the-robot-as-an-object-of-study,"3/24 MITH Digital Dialogue: Despina Kakoudaki, ""Are Robots Real? The Robot as an Object of Study""",Digital Dialogues,3/20/2009 10:09
digital-humanities-2009-registration-now-open,Digital Humanities 2009 Registration Now Open!,MITH,3/2/2009 13:15
sayeed-choudhurys-digital-dialogue-cancelled,Sayeed Choudhury's Digital Dialogue Cancelled,Digital Dialogues,3/2/2009 13:13
33-mith-digital-dialogue-sayeed-choudhury-an-abundant-humanities-library,"3/3 MITH Digital Dialogue: Sayeed Choudhury, ""An Abundant Humanities Library""",Digital Dialogues,2/25/2009 10:09
224-mith-digital-dialogue-william-noel-walters-art-museum-archimedes-in-bits-ten-years-of-work-on-the-archimedes-palimpsest,"2/24 MITH Digital Dialogue: William Noel (Walters Art Museum), ""Archimedes in Bits: Ten Years of Work on the Archimedes Palimpsest""",Digital Dialogues,2/21/2009 16:29
217-mith-digital-dialogue-jean-dryden-copyright-in-the-real-world,"2/17 MITH Digital Dialogue: Jean Dryden, ""Copyright in the Real World""",Digital Dialogues,2/12/2009 9:45
210-mith-digital-dialogue-jeremy-boggs-managing-projects-in-the-digital-humanities,"2/10 MITH Digital Dialogue: Jeremy Boggs, ""Managing Projects in the Digital Humanities""",Digital Dialogues,2/4/2009 13:11
23-mith-digital-dialogue-merle-collins-saracca-and-nation-african-memory-and-re-creation-in-grenada-film-screening,"2/3 MITH Digital Dialogue: Merle Collins, ""Saracca and Nation: African Memory and Re-creation in Grenada"" (film screening)",Digital Dialogues,1/29/2009 10:47
spring-2009-digital-dialogues-schedule,Spring 2009 Digital Dialogues Schedule,Digital Dialogues,1/27/2009 14:22
1118-mith-digital-dialogue-ann-weeks-and-benjamin-bederson-the-international-childrens-digital-library-not-just-for-children-anymore,"11/18 MITH Digital Dialogue: Ann Weeks and Benjamin Bederson, ""The International Children's Digital Library - Not Just for Children Anymore""",Digital Dialogues,11/12/2008 16:55
114-mith-digital-dialogue-bethany-nowviskie-new-world-ordering-shaping-geospatial-information-for-scholarly-use,"11/4 MITH Digital Dialogue: Bethany Nowviskie, ""New World Ordering: Shaping Geospatial Information for Scholarly Use.""",Digital Dialogues,10/29/2008 11:23
1028-mith-digital-dialogue-matthew-kirschenbaum-war-and-games-discussion,"10/28 MITH Digital Dialogue: Matthew Kirschenbaum, ""War (and) Games"" (discussion)",Digital Dialogues,10/22/2008 15:47
tools-for-data-driven-scholarship,Tools for Data-Driven Scholarship,MITH,10/22/2008 10:41
1021-mith-digital-dialogue-kathleen-fitzpatrick-planned-obsolescence-publishing-technology-future-academy,"10/21 MITH Digital Dialogue: Kathleen Fitzpatrick: Planned Obsolescence: Publishing, Technology, and the Future of the Academy.",Digital Dialogues,10/15/2008 13:00
1014-mith-digital-dialogue-zach-whalen-the-videogame-text,"10/14 MITH Digital Dialogue: Zach Whalen, ""The Videogame Text""",Digital Dialogues,10/8/2008 11:50
107-mith-digital-dialogue-brent-seales-educe-enhanced-digital-unwrapping-for-conservation-and-exploration,"10/7 MITH Digital Dialogue: Brent Seales, ""EDUCE: Enhanced Digital Unwrapping for Conservation and Exploration.""",Digital Dialogues,10/1/2008 10:05
930-mith-digital-dialogue-tom-scheinfeldt-and-dave-lester-omeka-easy-web-publishing-for-scholarship-and-cultural-heritage,"9/30 MITH Digital Dialogue: Tom Scheinfeldt and Dave Lester, ""Omeka: Easy Web Publishing for Scholarship and Cultural Heritage""",Digital Dialogues,9/24/2008 9:33
923-mith-digital-dialogue-joyce-ray-cyberinfrastructure-and-the-future-of-libraries,"9/23 MITH Digital Dialogue: Joyce Ray, ""Cyberinfrastructure and the Future of Libraries.""",Digital Dialogues,9/17/2008 13:42
digital-humanities-2009-cfp-available,Digital Humanities 2009 CFP Available!,MITH,9/11/2008 13:50
916-mith-digital-dialogue-stanley-katz-digital-humanities-30-where-we-have-come-from-and-where-we-are-now,9/16 MITH Digital Dialogue: Stanley Katz,Digital Dialogues,9/11/2008 10:30
fall-2008-digital-dialogues-schedule-posted,Fall 2008 Digital Dialogues Schedule Posted,Digital Dialogues,9/4/2008 14:56
september-9th-digitial-dialogue-doug-reside-the-mithological-axe-multimedia-metadata-encoding-with-the-ajax-xml-encoder,9/9 MITH Digitial Dialogue: Doug Reside,Digital Dialogues,9/2/2008 7:43
annual-mith-update-letter,Annual MITH Update Letter,MITH,8/28/2008 13:45
mith-wins-another-digital-humanities-start-up-award,MITH Wins Another Digital Humanities Start-Up Award!,MITH,8/28/2008 13:26
mith-joins-imls-funded-model-internship-program,MITH Partners with iSchool for IMLS-Funded Model Internship Program,MITH,6/19/2008 10:15
more-jobs-at-mith-coordinator-and-web-programmer,More Jobs at MITH: Coordinator and Web Programmer,MITH,6/6/2008 18:26
this-week-digital-diasporas,This Week: Digital Diasporas,MITH,4/28/2008 11:55
greg-cranes-digital-dialogue-canceled,Greg Crane's Digital Dialogue Canceled,Digital Dialogues,4/27/2008 20:30
were-hiring-full-time-tei-encoder-position-at-mith,We're Hiring: Full Time TEI Encoder Position at MITH,MITH,4/25/2008 12:13
april-29th-digital-dialogue-greg-crane-cyberinfrastructure-for-global-cultural-heritage,4/29 MITH Digital Dialogue: Greg Crane,Digital Dialogues,4/24/2008 4:21
april-22nd-digital-dialogue-jonathan-auerbach-early-cinema-as-new-media,"4/22 MITH Digital Dialogue: Jonathan Auerbach, ""Early Cinema as New Media""",Digital Dialogues,4/17/2008 20:21
new-ga-position-available,New GA Position Available,MITH,4/15/2008 10:51
april-15th-digital-dialogue-kari-kraus-rezzing-books-codex-technology-in-the-metaverse,"4/15 MITH Digital Dialogue: Kari Kraus, ""Rezzing Books: Codex Technology in the Metaverse""",Digital Dialogues,4/10/2008 8:16
april-8th-digital-dialogue-introducing-the-shakespeares-quartos-project,"4/8 MITH Digital Dialogue: ""Introducing the Shakespeare's Quartos Project""",Digital Dialogues,4/3/2008 10:55
mith-is-hiring-2,MITH is Hiring,MITH,4/1/2008 19:09
april-1st-digital-dialgue-sunil-iyengar-to-read-or-not-to-read,"4/1 MITH Digital Dialogue: Sunil Iyengar, ""To Read or Not to Read""",MITH,3/27/2008 10:25
mith-in-international-partnership-shares-new-nehjisc-grant-to-digitize-shakespeares-quartos,MITH in International Partnership Shares New NEH/JISC Grant to Digitize Shakespeare's Quartos,MITH,3/26/2008 11:24
march-25th-digital-dialogue-oni-buchanan-the-mandrake-vehicles-kinetic-poetry-in-physical-and-digital-forms,3/25 MITH Digital Dialogue: Oni Buchanan,Digital Dialogues,3/21/2008 10:59
digital-diasporas,"Announcing ""Digital Diasporas""",MITH,3/10/2008 10:19
mith-is-twittering,MITH is Twittering!,MITH,3/6/2008 14:43
maryland-institute-for-technology-in-the-humanities-emorys-manuscript-archives-and-rare-book-library-and-the-harry-ransom-center-partner-on-strategies-for-born-digital-literary-collections,"Maryland Institute for Technology in the Humanities, Emory's Manuscript, Archives, and Rare Book Library, and the Harry Ransom Center Partner on Strategies for Born-Digital Literary Collections",MITH,3/6/2008 11:01
february-26th-digital-dialogue-douglas-eyman-play-and-pedagogy-video-games-and-writing-instruction,"2/26 MITH Digital Dialogue: Douglas Eyman, ""Play and Pedagogy: Video Games and Writing Instruction""",Digital Dialogues,2/19/2008 10:23
february-12th-digital-dialogue-the-gamer-symphony-orchestra,2/12 MITH Digital Dialogue: The Gamer Symphony Orchestra,Digital Dialogues,2/7/2008 8:54
mith-welcomes-tanya-clement-as-winnemore-dissertation-fellow,MITH Welcomes Tanya Clement as Winnemore Dissertation Fellow,MITH,2/5/2008 15:49
february-5th-digital-dialogue-marilee-lindemann-on-the-internet-everybody-thinks-im-a-dog,"2/5 MITH Digital Dialogue: Marilee Lindemann, ""On the Internet, Everybody Thinks I'm a Dog""",Digital Dialogues,1/28/2008 10:44
cfp-digital-humanities-and-african-americanafrican-diaspora-studies-conference,CFP: Digital Humanities and African American/African Diaspora Studies Conference,MITH,1/24/2008 13:38
reposted-three-ga-positions-at-mith,Reposted: Three GA Positions at MITH,MITH,12/4/2007 12:00
a-new-digital-humanities-blog,A New Digital Humanities Blog,MITH,11/30/2007 12:00
december-4th-digital-dialogue-matthew-kirschenbaum-and-john-murray-save-as-receiving-the-larsen-collection,12/4 MITH Digital Dialogue: Matthew Kirschenbaum and John Murray,Digital Dialogues,11/29/2007 12:00
new-spring-course-on-digital-humanities,New Spring Course on Digital Humanities,MITH,11/26/2007 15:26
november-27th-digital-dialogue-linda-frueh-the-internet-archive-and-the-digital-humanities,"11/27 MITH Digital Dialogue: Linda Frueh, ""The Internet Archive and the Digital Humanities""",Digital Dialogues,11/23/2007 15:26
november-13th-digital-dialogue-stephan-greene-and-philip-resnik-the-linguistics-of-spin,11/13 MITH Digital Dialogue: Stephan Greene and Philip Resnik,Digital Dialogues,11/8/2007 15:25
adjustments-to-digital-dialogues-schedule,Adjustments to Digital Dialogues Schedule,Digital Dialogues,11/2/2007 15:24
mith-welcomes-tei20,MITH Welcomes TEI@20,MITH,10/24/2007 13:57
roy-rosenzweig-1950-2007,"Roy Rosenzweig, 1950-2007",MITH,10/13/2007 11:48
october-16th-digital-dialogue-brett-bobley-a-candid-chat-about-the-nehs-digital-humanities-initiative,10/16 Digital Dialogue: Brett Bobley,Digital Dialogues,10/11/2007 5:39
mith-partners-with-rice-on-million-dollar-grant-for-our-americas-archive,MITH Partners with Rice on Million Dollar Grant for Our Americas Archive,MITH,10/8/2007 12:46
october-9th-digital-dialogue-paul-e-ceruzzi-from-arpanet-to-the-internet-how-a-military-project-became-a-world-wide-cultural-phenomenon-1970-1995,10/9 Digital Dialogue: Paul E. Ceruzzi,Digital Dialogues,10/3/2007 17:46
october-2nd-digital-dialogue-david-saltz-simulating-liveness-from-virtual-vaudeville-to-second-life,10/2 Digital Dialogue: David Saltz,Digital Dialogues,9/27/2007 9:08
september-25-digital-dialogue-john-tolva-architecting-cultural-spaces-case-studies-of-virtual-representation-in-the-humanities,9/25 Digital Dialogue: John Tolva,Digital Dialogues,9/19/2007 22:56
sept-18th-digital-dialogue-chris-funkhouser-digital-poetry-as-scrabble-making-from-given-materials,9/18 Digital Dialogue: Chris Funkhouser,Digital Dialogues,9/12/2007 21:33
fellows,Current Resident Fellows,MITH,9/12/2007 16:05
911-digital-dialogue-tanya-clement-using-digital-tools-to-not-read-gertrude-steins-the-making-of-americans,9/11 Digital Dialogue: Tanya Clement,Digital Dialogues,9/4/2007 10:18
fall-2007-digital-dialogues-schedule,Fall 2007 Digital Dialogues Schedule,Digital Dialogues,8/31/2007 14:38
chicago-colloqium-on-digital-humanities-and-computer-science,Chicago Colloqium on Digital Humanities and Computer Science,MITH,8/23/2007 14:03
were-hiring-full-time-ga-positions,We're Hiring: Full-Time GA Positions Available,MITH,8/14/2007 14:47
mith-receives-neh-digital-humanities-start-up-grant,MITH Receives NEH Digital Humanities Start-Up Grant,MITH,8/14/2007 12:24
kirschenbaum-in-the-chronicle,Kirschenbaum in the Chronicle,MITH,8/14/2007 12:22
researchers-at-mith-partner-to-preserve-virtual-worlds,Researchers at MITH Partner to Preserve Virtual Worlds,MITH,8/6/2007 15:43
centernet-web-site-opens,centerNet Web Site Opens,MITH,7/5/2007 18:24
mith-to-host-digital-humanities-2009-conference,MITH to Host Digital Humanities 2009 Conference,MITH,6/12/2007 10:01
mith-and-maryland-at-digital-humanities-2007,MITH and Maryland at Digital Humanities 2007,MITH,6/11/2007 13:20
mith-fellow-angel-david-nieves-presents-research,MITH Fellow Angel David Nieves Presents Research,MITH,5/23/2007 12:54
mith-fellow-merle-collins-presents-research,MITH Fellow Merle Collins Presents Research,MITH,5/23/2007 10:27
call-for-participation-in-an-international-network-of-digital-humanities-centers,Call for Participation in an International Network of Digital Humanities Centers,MITH,4/24/2007 9:56
stan-ruecker-at-hcil,Stan Ruecker at HCIL,MITH,4/22/2007 18:17
april-17th-digital-dialogue-angel-david-nieves-and-merle-collins-2006-07-fellows-presentations,4/17 Digital Dialogue: 2006-07 Fellows Presentations,Digital Dialogues,4/11/2007 10:34
mith-is-hiring-12-month-ga-positions,MITH is Hiring: 12-month GA Position(s),MITH,4/7/2007 11:48
april-10th-digital-dialogue-kate-murray-presents-developing-digital-curation-policies-in-a-local-context,4/10 Digital Dialogue: Kate Murray,Digital Dialogues,4/4/2007 13:35
april-3rd-digital-dialogue-randy-bass-visible-evidence-of-invisbile-learning,4/3 Digital Dialogue: Randy Bass,Digital Dialogues,3/29/2007 13:04
directors-of-national-digital-humanities-centers-to-hold-summit-meeting-at-neh,Press Release: Directors of National Digital Humanities Centers to Hold Summit Meeting at NEH,MITH,3/28/2007 7:52
march-28th-and-29th-brad-paley-at-maryland,Brad Paley at Maryland,MITH,3/20/2007 9:42
mith-fellowship-call-2007-8,MITH Fellowship Call 2007-8,MITH,3/12/2007 9:34
february-27th-digital-dialogue-lisa-gitelman-on-xerographers-of-the-mind-the-lost-idea-of-the-photocopy,2/27 Digital Dialogue: Lisa Gitelman,Digital Dialogues,2/21/2007 14:20
second-annual-nebraska-digital-workshop,Second Annual Nebraska Digital Workshop,MITH,2/15/2007 10:59
silvia-mejias-film-to-be-screened-at-scms,Silvia Mejia's Film to be Screened at SCMS,MITH,2/10/2007 16:17
registration-open-for-the-future-of-electronic-literature,Registration Open for the Future of Electronic Literature,MITH,2/9/2007 16:12
february-13th-digital-dialogue-artists-talk-brandon-morse,2/13 Digital Dialogue: Artist's Talk by Brandon Morse,Digital Dialogues,2/8/2007 11:17
mellon-gives-monk-a-million,Mellon Gives MONK a Million,MITH,2/2/2007 11:41
mith-welcomes-winnemore-dissertation-fellows,MITH Welcomes Winnemore Dissertation Fellows,MITH,1/30/2007 16:11
digitial-dialogues-spring-schedule-posted,Digital Dialogues Spring Schedule Posted,Digital Dialogues,1/29/2007 16:22
mith-joins-dc-technology-and-humanities-forum,MITH Joins DC Area Technology and Humanities Forum,MITH,1/22/2007 16:13
companion-to-digital-humanities-online,Companion to Digital Humanities Online,MITH,1/9/2007 8:42
may-2-3-mithelo-symposium-on-the-future-of-electronic-literature,May 2-3: MITH/ELO Symposium on the Future of Electronic Literature,MITH,1/5/2007 11:30
willard-mccartys-2006-lyman-lecture-the-imaginations-of-computing,"Willard McCarty's 2006 Lyman Lecture: ""The Imaginations of Computing""",MITH,12/13/2006 10:52
december-5th-digital-dialogue-jimmy-lin-presents-the-digital-docket-information-retrieval-meets-political-science,12/5 Digital Dialogue: Jimmy Lin,Digital Dialogues,11/30/2006 10:36
deadline-approaching-for-winnemore-dissertation-fellowship-and-graduate-travel-awards,Deadline Approaching for Winnemore Dissertation Fellowships and Graduate Travel Awards,MITH,11/28/2006 11:36
mith-podcasting-now-live,MITH Podcasting Now Live!,MITH,11/27/2006 12:13
1128-digital-dialogue-miths-own-doug-reside,11/28 Digital Dialogue: MITH's Own Doug Reside,Digital Dialogues,11/22/2006 9:02
mith-fellow-merle-collins-presents-work,MITH Fellow Merle Collins Presents Work,MITH,11/7/2006 11:10
november-7th-digital-dialogue-vika-zafrin-presents-the-virtual-humanities-lab-and-the-evolution-of-remote-collaboration,11/7 Digital Dialogue: Vika Zafrin,Digital Dialogues,11/2/2006 11:42
mith-graduate-student-travel-grants,MITH Graduate Student Travel Grants,MITH,11/2/2006 11:22
mith-podcasting,MITH Podcasting,MITH,11/1/2006 15:55
call-for-applicants-winnemore-digital-humanities-dissertation-fellowships,Call for Applicants: Winnemore Digital Humanities Dissertation Fellowships,MITH,11/1/2006 15:48
mith-fellow-angel-david-nieves-presents-work,MITH Fellow Angel David Nieves Presents Work,MITH,10/30/2006 11:51
electronic-literature-collection-volume-1-released,"Electronic Literature Collection, Volume 1 Released",MITH,10/30/2006 11:28
october-31st-digital-dialogue-calling-all-gamers,"10/31 Digital Dialogue: ""Calling All Gamers!""",Digital Dialogues,10/26/2006 9:46
byte-by-byte,Byte by Byte,MITH,10/25/2006 22:36
october-25th-digital-dialogue-doug-oard-the-malach-project-multilingual-access-to-large-spoken-archives,10/24 Digital Dialogue: Doug Oard,Digital Dialogues,10/19/2006 9:27
october-17th-digital-dialogue-susan-schreibman-beautiful-untrue-things-the-digital-dilemma,10/17 Digital Dialogue: Susan Schreibman,Digital Dialogues,10/12/2006 11:34
october-10th-digital-dialogue-daniel-pitti-social-software-why-would-i-want-to-consult-an-encyclopedia-that-would-have-me-as-a-contributer,10/10 Digital Dialogue: Daniel Pitti,Digital Dialogues,10/5/2006 9:04
october-3rd-digital-dialogue-timothy-stinson-polyvocality-in-digital-manuscript-archives,10/3 Digital Dialogue: Timothy Stinson,Digital Dialogues,9/28/2006 14:06
elo-plugs-into-new-hub-mith-maryland,ELO Plugs Into New Hub: MITH @ Maryland,MITH,9/25/2006 10:15
mith-community-archives-available,MITH-COMMUNITY Archives Available,MITH,9/21/2006 9:18
september-26th-digital-dialogue-kevin-bertram,9/26 Digital Dialogue: Kevin Bertram,Digital Dialogues,9/21/2006 9:00
september-19th-digital-dialogue-david-kirsch,9/19 Digital Dialogue: David Kirsch,Digital Dialogues,9/14/2006 12:01
fall-2006-digital-dialogues-schedule,Fall 2006 Digital Dialogues Schedule,Digital Dialogues,9/11/2006 13:50
september-12th-digital-dialogue-david-silver,9/12 Digital Dialogue: The September 11th Digital Archive,Digital Dialogues,9/7/2006 9:00
mith-welcomes-new-staff,MITH Welcomes New Staff,MITH,9/4/2006 19:13
september-5th-digital-dialogue-kimberlee-staking-and-nikki-stewart,9/5 Digital Dialogue: Kimberlee Staking and Nikki Stewart,Digital Dialogues,8/30/2006 10:43
new-digital-humanities-initiatives-from-neh,New Digital Humanities Initiatives from NEH,MITH,7/12/2006 10:05
position-available-assistant-director-of-mith,Position Available: Assistant Director of MITH,MITH,6/30/2006 14:46
carl-stahmer-in-new-role-as-research-associate,Carl Stahmer in New Role as Research Associate,MITH,6/30/2006 11:52
appointment-of-matthew-kirschenbaum-as-associate-director-of-mith,Appointment of Matthew Kirschenbaum as Associate Director of MITH,MITH,6/16/2006 20:13
appointment-of-professor-neil-fraistat-as-director-of-mith,Appointment of Professor Neil Fraistat as Director of MITH,MITH,6/6/2006 18:54
june-8th-coffeehouse-conversation-stan-ruecker,June 8th CoffeeHouse Conversation: Stan Ruecker,MITH,6/6/2006 7:05
a-morning-of-discussion-on-electronic-literature,April 28th: MITH Presents a Morning of Discussion on Electronic Literature,MITH,4/19/2006 11:47
april-25th-digital-dialogue-david-prager-branner-and-chip-manekin,4/25 Digital Dialogue: David Prager Branner and Chip Manekin,Digital Dialogues,4/19/2006 10:24
mith-is-hiring,MITH is Hiring,MITH,4/12/2006 7:33
petrou-lectures-on-new-media-storytelling-shelley-jackson-april-17th,"Petrou Lectures on New Media Storytelling: Shelley Jackson, April 17th",MITH,4/10/2006 14:19
nebraska-digital-workshop,Nebraska Digital Workshop,MITH,4/10/2006 14:13
vinton-cerf-and-bruce-cole-on-the-digital-humanities,Vinton Cerf and Bruce Cole on the Digital Humanities,MITH,3/29/2006 23:06
april-4th-digital-dialogue-ralph-bauer-and-marlene-mayo-on-their-digital-humanities-work-in-progress,4/4 Digital Dialogue: Ralph Bauer and Marlene Mayo on their Digital Humanities Work in Progress,Digital Dialogues,3/29/2006 22:53
mith-director-search-presentation,MITH Director Search Presentation,MITH,3/28/2006 10:38
march-29th-coffeehouse-conversation-on-scholarly-electronic-publishing,3/29 Coffeehouse Conversation on Scholarly Electronic Publishing,MITH,3/21/2006 15:38
march-28th-digital-dialogue-ali-and-ruppel-on-new-media-and-popular-culture,3/28 Digital Dialogue: Asim Ali and Marc Ruppel on New Media and Popular Culture,Digital Dialogues,3/21/2006 15:36
mith-announces-fellowship-calls-for-2006-7,MITH Announces Fellowship Calls for 2006-7,MITH,3/16/2006 11:09
the-library-in-bits-and-bytes-symposium-proceedings-online,The Library in Bits and Bytes: Symposium Proceedings Online,MITH,3/15/2006 8:16
elected-to-advisory-boards,Named to Advisory Boards,MITH,3/4/2006 12:55
announcing-mith-director-search,Announcing MITH Director Search,MITH,3/4/2006 12:54
mith-goes-to-capitol-hill,MITH Goes to Capitol Hill,MITH,3/3/2006 13:13
march-7th-digital-dialogue-scott-rettberg-wherefore-genre-categorizing-contemporary-new-media-writing,3/7 Digital Dialogue: Scott Rettberg,Digital Dialogues,2/28/2006 14:00
feb-28th-digital-dialogue-april-householder-the-brave-stepped-back-the-life-and-times-of-laskarina-bouboulina,2/28 Digital Dialogue: April Householder,Digital Dialogues,2/22/2006 14:49
kirschenbaum-to-speak-at-ut-austin,Kirschenbaum to Speak at UT Austin,MITH,2/22/2006 13:00
feb-21st-digital-dialogue-ben-shneiderman-creativity-and-computing-with-a-light-japanese-lunch,"2/21 Digital Dialogue: Ben Shneiderman, ""Creativity and Computing"" (with a light Japanese lunch!)",Digital Dialogues,2/15/2006 8:15
doing-digital-history-an-introduction-for-historians-of-science-technology-and-industry-june-12-16-2006,"Doing Digital History: An Introduction for Historians of Science, Technology, and Industry, June 12-16, 2006",MITH,2/15/2006 8:09
carl-stahmer-on-technology-and-intersectionality,"Carl Stahmer on  ""Technology and Intersectionality""",MITH,2/14/2006 6:55
mith-announces-spring-speakers-schedule,MITH Announces Spring Speakers Schedule,Digital Dialogues,2/9/2006 13:34
feb-14th-digital-dialogue-regina-harrisons-mined-to-death-film-screening-and-discussion-with-the-director,2/14 Digital Dialogue,Digital Dialogues,2/8/2006 14:32
unlclir-fellowship-abraham-lincoln-walt-whitman-and-washington-dc,"UNL/CLIR Fellowship: Abraham Lincoln, Walt Whitman, and Washington, D.C",MITH,2/8/2006 13:57
congratulations-to-mith-fellow-regina-harrison,Congratulations to MITH Fellow Regina Harrison,MITH,2/6/2006 11:58
welcome-to-miths-new-web-site,Welcome to MITH's New Web Site,MITH,2/1/2006 11:32
code-aesthetics-a-digital-dialogue,Code Aesthetics: A Digital Dialogue,Digital Dialogues,1/31/2006 11:08
feb-7th-digital-dialogue-william-gibsons-pattern-recognition,2/7 Digital Dialogue: William Gibson's Pattern Recognition,Digital Dialogues,1/31/2006 11:00
graduate-student-fellowship-and-award-recipients,Graduate Student Fellowship and Award Recipients,MITH,1/12/2006 12:38
nora-project-update,nora Project Update,MITH,1/9/2006 10:34
elo-and-mith-announce-partnership,ELO and MITH Announce Partnership,MITH,12/29/2005 2:00
miths-research-a-digital-dialogue,MITH's Research: A Digital Dialogue,Digital Dialogues,12/1/2005 15:00
high-speed-grid-computing-at-maryland-a-digital-dialogue,High Speed GRID Computing at Maryland: A Digital Dialogue,Digital Dialogues,11/22/2005 15:00
american-memory-re-imagined-a-digital-dialogue,American Memory Re-Imagined: A Digital Dialogue,Digital Dialogues,11/3/2005 15:00
coffeehouse-now-open,Coffeehouse now open!,MITH,10/24/2005 15:00
papiercraft-and-interactive-paper-a-digital-dialogue,PapierCraft and Interactive Paper: A Digital Dialogue,Digital Dialogues,10/15/2005 15:00
broadcasting-av-data-ga,Please welcome Emily Frazier as MITH's new Research Assistant!,Stephanie Sapienza,3/10/2021 10:23
unlocking-the-airwaves-launch,On Forks and Completion: Reflections on a Five-year Digital Humanities Project,Stephanie Sapienza,7/29/2021 9:00
public-humanities-digital-institute,MITH and Lakeland at the 2022 Public Digital Humanities Institute!,Stephanie Sapienza,12/1/2021 14:12
mith-hiring-data-curation-assistant-summer2022,MITH is Hiring a Summer 2022 Student Assistant!,Stephanie Sapienza,5/3/2022 13:47